url,bilde,nosaukums,adrese,istabas,platiba,stavs,tips,cena
https://www.ss.com/msg/lv/real-estate/flats/jurmala/jaundubulti/bdpmcc.html,https://i.ss.com/gallery/6/1104/275974/55194677.th2.jpg,Pārdod modernu divistabu dzīvokli ar pilnu iekšējo apdari. Ē,JaundubultiKrišjāna Valdemāra 13,2,37,1/2,Jaun.,"Viens"
https://www.ss.com/msg/lv/real-estate/flats/jurmala/jaundubulti/beolfj.html,https://i.ss.com/gallery/7/1278/319448/63889597.th2.jpg,Moderns 3 istabu dzīvoklis Jūrmalā. Ēkas izsmalcinātais veid,JaundubultiKrišjāna Valdemāra 13,2,55,2/2,Renov.,160000
https://www.ss.com/msg/lv/real-estate/flats/jurmala/jaundubulti/beolei.html,https://i.ss.com/gallery/6/1104/275974/55194675.th2.jpg,Moderns dzīvoklis Jūrmalā. Ēkas izsmalcinātais veidols lieli,JaundubultiKrišjāna Valdemāra 13,2,35,2/2,Renov.,75000
https://www.ss.com/msg/lv/real-estate/flats/jurmala/kauguri/cdxxk.html,https://i.ss.com/gallery/6/1136/283820/56763833.th2.jpg,Tiek pārdots 3-istabu dzīvokli 602 sērija ar balkonu. Gaiš,KauguriSkolas 27 8,3,62,2/9,602,61000
https://www.ss.com/msg/lv/real-estate/flats/jurmala/dzintari/nxmgg.html,https://i.ss.com/gallery/7/1278/319314/63862641.th2.jpg,Продает хозяин. Роскошная планировка это редкость большая пр,DzintariTurajdes 17,3,118,2/4,Jaun.,450000
https://www.ss.com/msg/lv/real-estate/flats/jurmala/asari/bfhhxj.html,https://i.ss.com/gallery/7/1320/329907/65981231.th2.jpg,"Pārdod dzīvokli Asaros, 7 minūšu gājienā līdz jūrai. Mājā ir",AsariZemgales 34,2,66,1/3,Renov.,185000
https://www.ss.com/msg/lv/real-estate/flats/jurmala/kauguri/aedcp.html,https://i.ss.com/gallery/7/1337/334186/66837141.th2.jpg,Pārdošanā 3 istabu dzīvoklis labā lokācijā. Dzīvokļa plā,KauguriSkolas 57a,3,59,4/5,Hrušč.,44000
https://www.ss.com/msg/lv/real-estate/flats/jurmala/kauguri/gfpgj.html,https://i.ss.com/gallery/7/1284/320924/64184611.th2.jpg,"Pārdod gaišu, siltu dzīvokli Kauguros. Austrumu pusē. No",KauguriJurģu 6,1,41,1/5,M. ģim.,28500
https://www.ss.com/msg/lv/real-estate/flats/jurmala/dzintari/bdnpdk.html,https://i.ss.com/gallery/7/1299/324605/64920881.th2.jpg,"Piedāvājam iegādāties elegantu, gaišu un aprīkotu divu istab",DzintariDzintaru pr. 11,2,170,3/7,Jaun.,895000
https://www.ss.com/msg/lv/real-estate/flats/jurmala/dzintari/bclhjc.html,https://i.ss.com/gallery/5/946/236483/47296532.th2.jpg,"Pārdod gaišu 2 istabu dzīvokli ar balkonu, labā stāvoklī, ar",DzintariJāņa Pliekšāna 92,2,39,5/5,LT proj.,69575
https://www.ss.com/msg/lv/real-estate/flats/jurmala/bulduri/dpkgp.html,https://i.ss.com/gallery/7/1233/308153/61630537.th2.jpg,Piedāvājam iegādei 3 istabu dzīvokli ar izcilu interjeru un,BulduriJasmīnu 10,3,92,2/3,Jaun.,317000
https://www.ss.com/msg/lv/real-estate/flats/jurmala/dzintari/bckchl.html,https://i.ss.com/gallery/7/1337/334095/66818917.th2.jpg,200 шагов до моря и 5 минут до к/з Дзинтари. Мебелированная,DzintariDzintaru pr. 28,3,119,3/4,Jaun.,588000
https://www.ss.com/msg/lv/real-estate/flats/jurmala/melluzi/agbib.html,https://i.ss.com/gallery/7/1318/329261/65852197.th2.jpg,Īpašnieks pārdod plašu 3-istabu dzīvokli Mellužos. Jūsu ideā,MellužiĢertrūdes pr. 11,3,74,2/3,Jaun.,148000
https://www.ss.com/msg/lv/real-estate/flats/jurmala/jaundubulti/bfdmin.html,https://i.ss.com/gallery/7/1215/303589/60717640.th2.jpg,Проект Dune Residence - первоклассный проект в 100 метрах от,JaundubultiAmatas 1,5,170,2/3,Jaun.,350000
https://www.ss.com/msg/lv/real-estate/flats/jurmala/kemeri/nbcmf.html,https://i.ss.com/gallery/6/1054/263405/52680879.th2.jpg,Продается 2-х комнатная квартира в 3-х квартирном доме на пе,ĶemeriДурбес 7,2,50,1/1,P. kara,20800
https://www.ss.com/msg/lv/real-estate/flats/jurmala/sloka/kxiee.html,https://i.ss.com/gallery/6/1027/256648/51329582.th2.jpg,"Продаётся светлая, уютная 3-х ком. квартира, 80 кв. метров.",SlokaЛеона Паэглес 28,3,80,1/2,Renov.,97000
https://www.ss.com/msg/lv/real-estate/flats/jurmala/bulduri/adgko.html,https://i.ss.com/gallery/7/1332/332986/66597050.th2.jpg,Предлагаем вашему вниманию уютную и стильную квартиру в райо,BulduriJasmīnu 10,4,112,1/3,Jaun.,350000
https://www.ss.com/msg/lv/real-estate/flats/jurmala/kauguri/bxxpk.html,https://i.ss.com/gallery/7/1337/334015/66802979.th2.jpg,"Silts un gaišs dzīvoklis, logi vērsti uz abām mājas pusēm.",KauguriRaiņa 99a,2,40,1/5,Hrušč.,35000
https://www.ss.com/msg/lv/real-estate/flats/jurmala/kauguri/eknpi.html,https://i.ss.com/gallery/6/1129/282111/56422084.th2.jpg,Продаем красивую квартиру с хорошим дорогим ремонтом и мебел,KauguriТербатас 46,3,64,6/9,602,75000
https://www.ss.com/msg/lv/real-estate/flats/jurmala/dzintari/bckped.html,https://i.ss.com/gallery/7/1252/312990/62597812.th2.jpg,"Piedāvājam iegādāties divu istabu dzīvokli Jūrmalā, Madonas",DzintariMadonas 5,2,96,3/4,Specpr.,245000
https://www.ss.com/msg/lv/real-estate/flats/jurmala/jaundubulti/binpmp.html,https://i.ss.com/gallery/7/1283/320655/64130929.th2.jpg,Attīstītājs piedāvā iegādei 3-istabu apartamentus ekskluzīvā,JaundubultiStrēlnieku pr. 42,3,57,1/3,Jaun.,152409
https://www.ss.com/msg/lv/real-estate/flats/jurmala/jaundubulti/onxld.html,https://i.ss.com/gallery/7/1283/320647/64129372.th2.jpg,Pilnībā mebelēti ar aprīkoti 3-istabu apartamenti ekskluzīvā,JaundubultiStrēlnieku pr. 42,3,61,2/3,Jaun.,203616
https://www.ss.com/msg/lv/real-estate/flats/jurmala/dubulti/bciff.html,https://i.ss.com/gallery/7/1290/322319/64463676.th2.jpg,Pārdod dzīvokli Jūrmalā renovētā kompleksā ar 20 dzīvokļiem.,DubultiСлокас 55а,2,48,2/2,Renov.,81900
https://www.ss.com/msg/lv/real-estate/flats/jurmala/kauguri/cfmdl.html,https://i.ss.com/gallery/7/1336/333950/66789926.th2.jpg,Tiek pārdots saulains divistabu dzīvoklis Kauguros mājā kas,KauguriEngures 10,2,35,2/5,Hrušč.,36000
https://www.ss.com/msg/lv/real-estate/flats/jurmala/bulduri/ffxjf.html,https://i.ss.com/gallery/7/1323/330686/66137159.th2.jpg,"Tiek pārdots ekskluzīvs, mūsdienīgs un plašs 4-ist. penthaus",BulduriMeža pr. 20,4,191,3/3,Jaun.,500000
https://www.ss.com/msg/lv/real-estate/flats/jurmala/pumpuri/boooxg.html,https://i.ss.com/gallery/7/1219/304632/60926336.th2.jpg,"Jauni un plaši 4 istabu apartamenti ar 2 balkoniem, 150 metr",PumpuriGaujas 4,4,138,2/4,Jaun.,408600
https://www.ss.com/msg/lv/real-estate/flats/jurmala/kauguri/abhkn.html,https://i.ss.com/gallery/7/1336/333815/66762900.th2.jpg,"Gaišs, silts, sakopts dzīvoklis, atbrīvots un pilnībā gatavs",KauguriSkolas 27,2,50,2/9,602,42000
https://www.ss.com/msg/lv/real-estate/flats/jurmala/pumpuri/boolpi.html,https://i.ss.com/gallery/7/1266/316431/63286173.th2.jpg,"Pārdod atsevišķu dzīvokli, kas atbilst pusei no koka dzīvoja",PumpuriPulkveža Brieža 46 k-2,5,160,1/2,Priv. m.,40000
https://www.ss.com/msg/lv/real-estate/flats/jurmala/bulduri/fdbeh.html,https://i.ss.com/gallery/7/1326/331315/66262947.th2.jpg,"Pārdod 2 istabu dzīvokli pašā Bulduru centrā, 1.līnija no jū",BulduriBulduru pr. 33,2,81,1/4,Jaun.,250000
https://www.ss.com/msg/lv/real-estate/flats/jurmala/kauguri/bojno.html,https://i.ss.com/gallery/7/1326/331302/66260208.th2.jpg,Продается солнечная квартира из которой каждое утро видно мо,KauguriSkolas 65b,3,60,7/9,467,94000
https://www.ss.com/msg/lv/real-estate/flats/jurmala/lielupe/afidk.html,https://i.ss.com/gallery/7/1222/305408/61081529.th2.jpg,Saulains studijas tipa dzīvoklis ar ideālu skatu uz upi (Aus,LielupeTīklu 11,1,45,1/4,Jaun.,110000
https://www.ss.com/msg/lv/real-estate/flats/jurmala/lielupe/apbmd.html,https://i.ss.com/gallery/7/1336/333862/66772375.th2.jpg,Tikko izromentēts - Saulains studijas tipa dzīvoklis ar skat,LielupeTīklu 11,1,45,1/4,Jaun.,125000
https://www.ss.com/msg/lv/real-estate/flats/jurmala/dubulti/gnchj.html,https://i.ss.com/gallery/7/1336/333854/66770752.th2.jpg,Продается теплая изысканная с дизайнерским ремонтом солнечна,DubultiSlokas 63,2,30,3/4,Specpr.,47950
https://www.ss.com/msg/lv/real-estate/flats/jurmala/kauguri/efgck.html,https://i.ss.com/gallery/7/1266/316479/63295698.th2.jpg,"Pārdod 1-istabas dzīvokli Jūrmalā. Funkcionāls, pārdomāts, 3",KauguriTallinas 11,1,39,2/5,Specpr.,39000
https://www.ss.com/msg/lv/real-estate/flats/jurmala/asari/bfnkpl.html,https://i.ss.com/gallery/7/1336/333846/66769068.th2.jpg,"Pārdošanā tiek piedāvāts plašs, pilnībā mēbelēts un ar visu",AsariAsaru pr. 53,3,96,2/3,Jaun.,210000
https://www.ss.com/msg/lv/real-estate/flats/jurmala/asari/bfggpg.html,https://i.ss.com/gallery/7/1240/309994/61998621.th2.jpg,"Прекрасная новая 3-комнатная квартира с парковкой, террасой,",AsariAsaru pr. 53,3,100,2/3,Jaun.,240000
https://www.ss.com/msg/lv/real-estate/flats/jurmala/asari/cboddn.html,https://i.ss.com/gallery/5/958/239491/47898143.th2.jpg,Владелец продаёт 4-х комнатную квартиру в новом кирпичном до,AsariDzimtenes 13,4,90,1/3,Jaun.,198000
https://www.ss.com/msg/lv/real-estate/flats/jurmala/melluzi/bxmmen.html,https://i.ss.com/gallery/7/1224/305937/61187208.th2.jpg,"Renovēta rindu mājas daļa klusajā Mellužu rajonā, tikai 7 mi",MellužiMarijas 1,3,81,1/2,Priv. m.,129000
https://www.ss.com/msg/lv/real-estate/flats/jurmala/bulduri/acpkj.html,https://i.ss.com/gallery/6/1196/298940/59787814.th2.jpg,2-комнатный пентхаус с большой террасой на южной стороне.,BulduriJasminu/kuldigas 9,2,65,3/3,Jaun.,184000
https://www.ss.com/msg/lv/real-estate/flats/jurmala/bulduri/deogd.html,https://i.ss.com/gallery/5/869/217054/43410745.th2.jpg,(Rus / Eng) 3-х комнатная квартира-пентхаус с двумя терраса,BulduriJasminu 9,3,101,3/3,Jaun.,260000
https://www.ss.com/msg/lv/real-estate/flats/jurmala/bulduri/jmjlh.html,https://i.ss.com/gallery/6/1004/250779/50155769.th2.jpg,(Rus / Eng) Двухуровневая квартира в новом курортном жило,BulduriJasminu 9,3,74,1/3,Jaun.,189000
https://www.ss.com/msg/lv/real-estate/flats/jurmala/bulduri/bmomb.html,https://i.ss.com/gallery/7/1265/316045/63208968.th2.jpg,Новый 4-комнатный пентхаус с видом на сосны и большой террас,BulduriR. Pulka 5,4,114,3/3,Jaun.,279000
https://www.ss.com/msg/lv/real-estate/flats/jurmala/bulduri/aglnc.html,https://i.ss.com/gallery/4/727/181506/36301005.th2.jpg,"Пентхаус с очаровательным видом на сосны, с большой барбекю-",BulduriJasminu 9,2,59,3/3,Jaun.,159000
https://www.ss.com/msg/lv/real-estate/flats/jurmala/bulduri/bddel.html,https://i.ss.com/gallery/7/1265/316045/63208952.th2.jpg,Мансарда-студия (возможно сделать 2 отдельные комнаты) с вид,BulduriR. Pulka 5,2,65,3/3,Jaun.,169000
https://www.ss.com/msg/lv/real-estate/flats/jurmala/kauguri/cdeje.html,https://i.ss.com/gallery/7/1318/329357/65871270.th2.jpg,"Pārdod 1 istabas dzīvokli ar mājīgu izkārtojumu, 15 minūšu a",KauguriSkolas 36,1,33,8/9,467,36500
https://www.ss.com/msg/lv/real-estate/flats/jurmala/bulduri/afeco.html,https://i.ss.com/gallery/7/1336/333780/66755830.th2.jpg,"Pārdod izcilu dzīvokli pašā Bulduru centrā, jūras pusē, eksk",BulduriMeža 20,3,94,2/3,Jaun.,270000
https://www.ss.com/msg/lv/real-estate/flats/jurmala/bulduri/bmbie.html,https://i.ss.com/gallery/5/965/241110/48221817.th2.jpg,"Pārdod 4-ist. dzīvokli Bulduros, Bulduru prospektā 33, pie B",BulduriBulduru pr. 33,4,199,2/4,Jaun.,487000
https://www.ss.com/msg/lv/real-estate/flats/jurmala/kauguri/exmen.html,https://i.ss.com/gallery/7/1283/320656/64131045.th2.jpg,"Pārdodas 2-īstabu dzīvoklis Kauguros, Tallinas iela 44. Sau",KauguriTallinas 44,2,50,2/9,602,47000
https://www.ss.com/msg/lv/real-estate/flats/jurmala/bulduri/abmxo.html,https://i.ss.com/gallery/7/1289/322195/64438930.th2.jpg,Предлагаем к продаже просторную квартиру в малоквартирном до,BulduriMeža pr. 18,3,144,3/3,Renov.,265000
https://www.ss.com/msg/lv/real-estate/flats/jurmala/kauguri/cpmfg.html,https://i.ss.com/gallery/7/1252/312786/62557118.th2.jpg,"Pārdod divistabu dzīvokli Jūrmalā Klusā, mierīgā un ainavi","KauguriTalsu šos. 31, korp. 2",2,44,4/5,Hrušč.,40000
https://www.ss.com/msg/lv/real-estate/flats/jurmala/bulduri/nichc.html,https://i.ss.com/gallery/5/968/241832/48366243.th2.jpg,"Добро пожаловать в прекрасную квартиру в новом проекте ""Фрег",BulduriMeža pr. 19,3,158,2/3,Jaun.,430000
https://www.ss.com/msg/lv/real-estate/flats/jurmala/bulluciems/nxbpl.html,https://i.ss.com/gallery/7/1335/333666/66733109.th2.jpg,"Īpašnieks pārdod kompaktu 2 istabu dzīvokli, beletāžas stāvā",BuļļuciemsLašu 7,2,43,1/4,Specpr.,79900
https://www.ss.com/msg/lv/real-estate/flats/jurmala/dzintari/cdldx.html,https://i.ss.com/gallery/7/1335/333670/66733999.th2.jpg,Светлая и тихая квартира в новом проекте около реки Лиелупе.,DzintariTuraidas 110,3,105,2/5,Jaun.,158000
https://www.ss.com/msg/lv/real-estate/flats/jurmala/majori/bbxeij.html,https://i.ss.com/gallery/7/1243/310517/62103396.th2.jpg,"Saulains un gaišs divistabu dzīvoklis klusā apkaimē Jūrmalā,",MajoriJāņa Pliekšāna 92,2,47,4/5,LT proj.,52000
https://www.ss.com/msg/lv/real-estate/flats/jurmala/dzintari/bliofd.html,https://i.ss.com/gallery/7/1234/308437/61687206.th2.jpg,Удобная квартира в новом проекте. Планировка: Просторная г,DzintariJaunā 80,3,102,2/3,Jaun.,192000
https://www.ss.com/msg/lv/real-estate/flats/jurmala/kauguri/cblpx.html,https://i.ss.com/gallery/7/1203/300553/60110527.th2.jpg,"Продается квартира на 3 этаже, выровнены потолки и стены, по",KauguriKauņas 26,1,40,3/5,Specpr.,33000
https://www.ss.com/msg/lv/real-estate/flats/jurmala/bulduri/bdolhx.html,https://i.ss.com/gallery/6/1150/287433/57486404.th2.jpg,"Dzīvoklis viesnīcas kompleksā, pastaigas attālumā no jūras,",BulduriVienības pr. 20,3,101,3/3,Jaun.,260000
https://www.ss.com/msg/lv/real-estate/flats/jurmala/bulluciems/ocxcx.html,https://i.ss.com/gallery/7/1305/326124/65224722.th2.jpg,"Dzīvoklis mūsdienīgā kompleksā, gleznainā vietā Lielupes kra",BuļļuciemsTīklu 11a,3,78,1/5,Jaun.,185000
https://www.ss.com/msg/lv/real-estate/flats/jurmala/bulduri/bdoihk.html,https://i.ss.com/gallery/7/1221/305124/61024640.th2.jpg,"4-комнатная квартира с панорамным окнами, балконом и паркинг",BulduriRīgas 90,4,105,2/3,Jaun.,300000
https://www.ss.com/msg/lv/real-estate/flats/jurmala/kauguri/gpexo.html,https://i.ss.com/gallery/7/1231/307519/61503675.th2.jpg,"Renovēts gaišs, silts, mājīgs dzīvoklis ar panorāmas skatu l",KauguriSkolas 9,1,32,8/9,467,29500
https://www.ss.com/msg/lv/real-estate/flats/jurmala/asari/jcgec.html,https://i.ss.com/gallery/7/1297/324086/64817134.th2.jpg,Dzīvoklis rokas stiepiena attālumā no pludmales. Dzīvo,AsariAsaru pr. 53,3,85,1/4,Jaun.,185000
https://www.ss.com/msg/lv/real-estate/flats/jurmala/kauguri/ajdmd.html,https://i.ss.com/gallery/7/1335/333555/66710971.th2.jpg,"В продаже однокомнатная квартира с уютной планировкой, в 10",KauguriTerbatas 41,1,34,5/5,103,32500
https://www.ss.com/msg/lv/real-estate/flats/jurmala/kauguri/eckeb.html,https://i.ss.com/gallery/7/1247/311661/62332011.th2.jpg,Pārdod remontējamu vienistabas dzīvokli ar teicamu atrašanās,KauguriSkolas 32,1,34,4/5,103,27500
https://www.ss.com/msg/lv/real-estate/flats/jurmala/dzintari/bdjkjn.html,https://i.ss.com/gallery/7/1226/306376/61275026.th2.jpg,~100 m no pludmales pārdodas mēbelēts 3 istabu dzīvoklis mod,DzintariDzintaru pr. 64,3,92,3/4,Jaun.,280000
https://www.ss.com/msg/lv/real-estate/flats/jurmala/dubulti/hlglj.html,https://i.ss.com/gallery/7/1335/333523/66704423.th2.jpg,Luksusa dzīvoklis ar dizaina remontu Jūrmalas sirdī jūsu ies,DubultiSlokas 55A,2,48,1/2,Renov.,112000
https://www.ss.com/msg/lv/real-estate/flats/jurmala/jaundubulti/kelon.html,https://i.ss.com/gallery/7/1335/333545/66708934.th2.jpg,Piedāvājam iegādāties izsmalcinātu un plašu penthaus dzīvokl,JaundubultiAmatas 1,5,206,4/4,Jaun.,800000
https://www.ss.com/msg/lv/real-estate/flats/jurmala/majori/bxmphb.html,https://i.ss.com/gallery/7/1286/321390/64277872.th2.jpg,Предлагаем купить новые и просторные апартаменты в новом про,MajoriViktorijas 16,4,153,1/2,Specpr.,470000
https://www.ss.com/msg/lv/real-estate/flats/jurmala/kauguri/abmmp.html,https://i.ss.com/gallery/7/1335/333524/66704746.th2.jpg,"Tiek pārdots gaišs, silts dzīvoklis, ar skatu uz pagalmu. Tī",KauguriTalsu šoseja 31/2,2,43,4/5,Hrušč.,52000
https://www.ss.com/msg/lv/real-estate/flats/jurmala/jaundubulti/cfifke.html,https://i.ss.com/gallery/7/1284/320882/64176298.th2.jpg,Izcila plānojuma trīsistabu apartamenti ekskluzīvā projektā,JaundubultiStrēlnieku pr. 42,3,88,3/3,Jaun.,236275
https://www.ss.com/msg/lv/real-estate/flats/jurmala/jaundubulti/binpie.html,https://i.ss.com/gallery/7/1284/320882/64176298.th2.jpg,Pārdod četristabu apartamentus ekskluzīvā projektā “Amber Re,JaundubultiStrēlnieku pr. 42,4,82,3/3,Jaun.,219878
https://www.ss.com/msg/lv/real-estate/flats/jurmala/jaundubulti/ofbcj.html,https://i.ss.com/gallery/7/1286/321477/64295217.th2.jpg,Attīstītājs piedāvā iegādei 2-istabu apartamentus ekskluzīvā,JaundubultiStrēlnieku pr. 42,2,55,1/3,Jaun.,148646
https://www.ss.com/msg/lv/real-estate/flats/jurmala/dzintari/mkpog.html,https://i.ss.com/gallery/7/1243/310524/62104751.th2.jpg,"Lat/rus/ Lat/rus/ Dzīvokļi no attīstītāja. Jauns, moderns, E",DzintariMežaparka pr. 10,2,79,1/2,Jaun.,239870
https://www.ss.com/msg/lv/real-estate/flats/jurmala/priedaine/kmnkm.html,https://i.ss.com/gallery/7/1239/309533/61906588.th2.jpg,"Pārdodam gaišu, siltu 2-istabu dzīvokli ar dizaineru interje",PriedaineBabītes 3 K4,2,43,2/2,Hrušč.,60000
https://www.ss.com/msg/lv/real-estate/flats/jurmala/dzintari/bmgll.html,https://i.ss.com/gallery/5/1000/249911/49982140.th2.jpg,"Lat/rus/ Dzīvokļi no attīstītāja. Jauns, moderns, Eiropas st",DzintariMežaparka pr. 10,2,112,2/3,Jaun.,267000
https://www.ss.com/msg/lv/real-estate/flats/jurmala/dubulti/cfmxo.html,https://i.ss.com/gallery/6/1157/289115/57822891.th2.jpg,Хозяин продает. Роскошная теплая с дизайнерским ремонтом сол,DubultiСлокас 65,2,30,2/4,Specpr.,48950
https://www.ss.com/msg/lv/real-estate/flats/jurmala/dzintari/bfblib.html,https://i.ss.com/gallery/6/1110/277289/55457618.th2.jpg,Piedāvājam iegādāties divu guļamistabu dzīvokli projekta Kad,DzintariIkšķiles 4,3,121,2/3,Jaun.,502740
https://www.ss.com/msg/lv/real-estate/flats/jurmala/dzintari/exfxe.html,https://i.ss.com/gallery/7/1334/333438/66687558.th2.jpg,Piedāvājam iegādāties gatavu dzīvošanai divu guļamistabu dzī,DzintariIkšķiles 4,3,124,2/3,Jaun.,508725
https://www.ss.com/msg/lv/real-estate/flats/jurmala/dzintari/bedbxh.html,https://i.ss.com/gallery/7/1334/333437/66687242.th2.jpg,Piedāvājam iegādei 1 guļamistabas dzīvokli mūsdienīgā un ele,DzintariDzintaru pr. 26,2,99,2/4,Jaun.,495000
https://www.ss.com/msg/lv/real-estate/flats/jurmala/priedaine/dcdie.html,https://i.ss.com/gallery/7/1299/324593/64918469.th2.jpg,"Pārdošanā trīsistabu dzīvoklis , divas atsevišķas guļamistab",PriedaineSalaspils 10,3,71,2/2,P. kara,55000
https://www.ss.com/msg/lv/real-estate/flats/jurmala/jaundubulti/bexbio.html,https://i.ss.com/gallery/6/1154/288352/57670282.th2.jpg,Pārdod īpašnieks. Dzīvoklis gatavs dzīvošanai. Cenā iekļauta,JaundubultiPoruka pr. 51 2,2,53,3/3,Jaun.,140000
https://www.ss.com/msg/lv/real-estate/flats/jurmala/kauguri/expxp.html,https://i.ss.com/gallery/7/1334/333393/66678596.th2.jpg,"Pārdod 4-istabu dzīvokli 6. stāvā Kauguros, Jūrmalā. Dzīvo",KauguriSkolas 29,4,75,6/9,467,70000
https://www.ss.com/msg/lv/real-estate/flats/jurmala/majori/bxkomj.html,https://i.ss.com/gallery/7/1334/333372/66674274.th2.jpg,"Pārdodu izremontētu, pilnībā mēbelētu 3 istabu dzīvokli, ren",MajoriPlūdu 4,3,59,1/5,Renov.,99000
https://www.ss.com/msg/lv/real-estate/flats/jurmala/kauguri/iengj.html,https://i.ss.com/gallery/7/1262/315257/63051264.th2.jpg,"Īpašnieks pārdod dzīvokli , ļoti labā dislokācijā veikals Ri",KauguriRaiņa 73,3,61,7/9,467,71000
https://www.ss.com/msg/lv/real-estate/flats/jurmala/kauguri/eoeph.html,https://i.ss.com/gallery/7/1334/333357/66671202.th2.jpg,Izremontēts dzīvoklis ar atsevišķu ieeju un lielu zemesgabal,KauguriDiķu 1,2,42,1/2,Priv. m.,69000
https://www.ss.com/msg/lv/real-estate/flats/jurmala/melluzi/bxlkxl.html,https://i.ss.com/gallery/7/1333/333110/66621855.th2.jpg,Квартирная собственность. Просторная квартира с террасой,MellužiMellužu pr. 19,5,187,5/5,Renov.,350000
https://www.ss.com/msg/lv/real-estate/flats/jurmala/lielupe/ghcnf.html,https://i.ss.com/gallery/7/1326/331353/66270420.th2.jpg,В тихой части Юрмалы продается отличная просторная квартира,Lielupe29. līnija 1,3,240,6/6,Specpr.,525000
https://www.ss.com/msg/lv/real-estate/flats/jurmala/dzintari/mkhde.html,https://i.ss.com/gallery/6/1064/265932/53186208.th2.jpg,Продается отличная квартира с видом на море с большой террас,DzintariDzintaru pr. 39,2,91,2/3,Jaun.,350000
https://www.ss.com/msg/lv/real-estate/flats/jurmala/bulduri/bxcko.html,https://i.ss.com/gallery/7/1332/332981/66596123.th2.jpg,Продается 2-комнатная квартира в элитном жилом комплексе Leg,BulduriBulduru pr. 19,2,87,2/4,Jaun.,360000
https://www.ss.com/msg/lv/real-estate/flats/jurmala/kauguri/ajckc.html,https://i.ss.com/gallery/7/1236/308766/61753047.th2.jpg,"Īpašnieks pārdot 2 istabu dzīvokli. 602.sērija, 7.stāvs, lie",KauguriSkolas 27,2,52,7/9,602,65000
https://www.ss.com/msg/lv/real-estate/flats/jurmala/dzintari/beoheh.html,https://i.ss.com/gallery/7/1210/302440/60487960.th2.jpg,Продается трёхкомнатная квартира в проекте Turaidas kvartāls,DzintariТурайдас 17,3,81,2/4,Jaun.,310000
https://www.ss.com/msg/lv/real-estate/flats/jurmala/dzintari/bdnpng.html,https://i.ss.com/gallery/7/1332/332835/66566808.th2.jpg,"Tiek piedāvāts 2 istabu dzīvoklis pašā Jūrmalas centrā, proj",DzintariМадонас 5,2,110,1/4,Jaun.,250000
https://www.ss.com/msg/lv/real-estate/flats/jurmala/bulduri/bdonjm.html,https://i.ss.com/gallery/7/1266/316304/63260666.th2.jpg,Pārdošanā dzīvoklis ekskluzīvajā kvartālā Legend. Plašais če,BulduriBulduru pr. 17,4,164,2/4,Jaun.,1250000
https://www.ss.com/msg/lv/real-estate/flats/jurmala/jaundubulti/bkolii.html,https://i.ss.com/gallery/7/1261/315131/63026006.th2.jpg,Pārdod skaistu 2 līmeņu dzīvokli Jūrmalā. Iepazīstieties,JaundubultiLielupes 13,4,131,1/1,Specpr.,170000
https://www.ss.com/msg/lv/real-estate/flats/jurmala/jaundubulti/begjfm.html,https://i.ss.com/gallery/7/1243/310532/62106326.th2.jpg,Piedāvā iegādāties 4-istabu dzīvokli ekskluzīvā projektā Amb,JaundubultiStrēlnieku pr. 42,4,82,3/3,Jaun.,219878
https://www.ss.com/msg/lv/real-estate/flats/jurmala/jaundubulti/behikd.html,https://i.ss.com/gallery/7/1243/310530/62105954.th2.jpg,Piedāvā iegādāties 3-istabu dzīvokli ekskluzīvā projektā Amb,JaundubultiStrēlnieku pr. 42,2,55,1/3,Jaun.,152409
https://www.ss.com/msg/lv/real-estate/flats/jurmala/kauguri/apejx.html,https://i.ss.com/gallery/7/1332/332997/66599268.th2.jpg,Pārdod 3-istabu dzīvokli Jūrmalā. Dzīvoklis ir labā stāvok,KauguriJurģu 8,3,66,5/5,103,65000
https://www.ss.com/msg/lv/real-estate/flats/jurmala/bulduri/aixkx.html,https://i.ss.com/gallery/7/1315/328720/65743996.th2.jpg,Mansarda stāva dzīvoklis tikko rekonstruētā privātmājā Buldu,BulduriMeža 18,3,144,3/3,Renov.,265000
https://www.ss.com/msg/lv/real-estate/flats/jurmala/melluzi/nkxmf.html,https://i.ss.com/gallery/6/1079/269669/53933766.th2.jpg,Piedāvājam iegādāties plašu divu līmeņu mēbelētu dzīvokli Jū,MellužiMellužu pr. 77,4,261,2/2,Renov.,330000
https://www.ss.com/msg/lv/real-estate/flats/jurmala/pumpuri/bnllkx.html,https://i.ss.com/gallery/7/1212/302908/60581450.th2.jpg,Район Дюны 1. Линия- 100м до моря. Квартира будет продав,PumpuriGaujas 2,4,142,3/3,Jaun.,400000
https://www.ss.com/msg/lv/real-estate/flats/jurmala/kauguri/clxfg.html,https://i.ss.com/gallery/7/1333/333144/66628613.th2.jpg,Земля собственность. Идеальное место расположение. Светлая,KauguriEngures 5,2,47,4/5,103,36000
https://www.ss.com/msg/lv/real-estate/flats/jurmala/dzintari/bexoph.html,https://i.ss.com/gallery/6/1174/293321/58664020.th2.jpg,Attīstītājs pārdod dzīvokli projektā Villa Milia. 4-ista,DzintariDzintaru pr. 21,4,151,1/3,Jaun.,1130000
https://www.ss.com/msg/lv/real-estate/flats/jurmala/bulduri/hmkjp.html,https://i.ss.com/gallery/6/1033/258207/51641328.th2.jpg,Продаем двухэтажную квартиру в Булдури - 5 минут пешком до м,BulduriVidus pr. 31,5,176,2/2,Jaun.,265000
https://www.ss.com/msg/lv/real-estate/flats/jurmala/kauguri/bmxpc.html,https://i.ss.com/gallery/7/1302/325291/65058012.th2.jpg,"Īpašnieks pārdod 3-istabu dzīvokli Tērbatas ielā 43, Jūrmalā",KauguriTērbatas 43,3,65,5/5,103,69000
https://www.ss.com/msg/lv/real-estate/flats/jurmala/kauguri/aixhh.html,https://i.ss.com/gallery/7/1303/325570/65113858.th2.jpg,"Pārdod saulaino siltu 2-istabu dzīvokli, ar izolētām istabām",KauguriTirzas 37a,2,55,5/5,Specpr.,43900
https://www.ss.com/msg/lv/real-estate/flats/jurmala/majori/bjepp.html,https://i.ss.com/gallery/7/1317/329194/65838667.th2.jpg,Sakarā ar dzīvesvietas maiņu pārdodam savu brīnišķīgo 2 ista,MajoriJāņa Pliekšāna 82,2,51,5/5,Renov.,89000
https://www.ss.com/msg/lv/real-estate/flats/jurmala/kauguri/bxiedb.html,https://i.ss.com/gallery/7/1333/333049/66609669.th2.jpg,Pārdod 1 istabas dzīvoklis ar mājīgu izkārtojumu,KauguriRaiņa 77,1,33,7/9,467,24000
https://www.ss.com/msg/lv/real-estate/flats/jurmala/asari/bcjbme.html,https://i.ss.com/gallery/7/1323/330729/66145675.th2.jpg,Tiek pārdots 3-istabu dzīvoklis jaunajā projektā nelielas pa,AsariKāpu 95,3,89,2/3,Jaun.,238000
https://www.ss.com/msg/lv/real-estate/flats/jurmala/kauguri/ggoco.html,https://i.ss.com/gallery/7/1318/329358/65871520.th2.jpg,Pārdod neticami lētu saulainu 1-istabas dzīvokli Kauguros. J,KauguriTalsu šoseja 31 13,1,31,5/5,Hrušč.,28500
https://www.ss.com/msg/lv/real-estate/flats/jurmala/bulduri/bdokfh.html,https://i.ss.com/gallery/7/1318/329386/65877049.th2.jpg,"В доме всего 9 квартир, входные двери дома оборудованы кодов",BulduriMuižas 26,3,69,1/3,Renov.,149500
https://www.ss.com/msg/lv/real-estate/flats/jurmala/dzintari/jegmo.html,https://i.ss.com/gallery/7/1216/303900/60779827.th2.jpg,"Penthouse near Dzintari Concert Hall, Jomas Street, Dzintari",DzintariDzintaru pr. 12,3,148,3/3,Jaun.,250000
https://www.ss.com/msg/lv/real-estate/flats/jurmala/vaivari/egnpc.html,https://i.ss.com/gallery/6/1198/299277/59855324.th2.jpg,На продажу предлагается мебелированная квартира с земельным,VaivariAtbalss 19,3,58,1/3,Jaun.,175000
https://www.ss.com/msg/lv/real-estate/flats/jurmala/dzintari/dcnmp.html,https://i.ss.com/gallery/7/1319/329717/65943204.th2.jpg,"Pie Dzintaru koncertzāles, 200 m no jūras: Kā Jūrmalas pērl",DzintariDzintaru pr. 12,3,78,2/3,Jaun.,200000
https://www.ss.com/msg/lv/real-estate/flats/jurmala/dzintari/egnfd.html,https://i.ss.com/gallery/7/1303/325603/65120574.th2.jpg,Plašs un gaišs trīsistabu dzīvoklis Jaunajā projektā „365” v,DzintariEdinburgas pr. 11,3,93,2/4,Jaun.,280000
https://www.ss.com/msg/lv/real-estate/flats/jurmala/dzintari/bphdo.html,https://i.ss.com/gallery/7/1294/323464/64692669.th2.jpg,"Dzintari concert hall next to. New, top-quality apartments i",DzintariViktorijas 16,4,153,2/2,Jaun.,470000
https://www.ss.com/msg/lv/real-estate/flats/jurmala/jaundubulti/bebjhf.html,https://i.ss.com/gallery/5/983/245504/49100721.th2.jpg,На продажу предлагается стильная мебелированная квартира с п,JaundubultiStrēlnieku pr. 50,3,122,3/4,Jaun.,295000
https://www.ss.com/msg/lv/real-estate/flats/jurmala/bulduri/annim.html,https://i.ss.com/gallery/7/1330/332385/66476952.th2.jpg,Красивая и солнечная 2х-комнатная квартира в Юрмале Кварт,BulduriMeža pr. 58a,2,52,3/4,Specpr.,75400
https://www.ss.com/msg/lv/real-estate/flats/jurmala/kauguri/aiihg.html,https://i.ss.com/gallery/7/1258/314279/62855724.th2.jpg,Pārdodu vai mainu 2.necaurstaigājamu istabu dzīvokli pret li,KauguriPutnu 2,2,55,9/9,602,55000
https://www.ss.com/msg/lv/real-estate/flats/jurmala/dzintari/adgpj.html,https://i.ss.com/gallery/7/1271/317519/63503702.th2.jpg,Продается квартира со своим земельным участком в новом доме,DzintariBrivibas pr. 28,3,115,2/3,Jaun.,355000
https://www.ss.com/msg/lv/real-estate/flats/jurmala/jaunkemeri/gokfd.html,https://i.ss.com/gallery/7/1315/328748/65749504.th2.jpg,Pārdod 2 istabas dzīvokli ar mājīgu izkārtojumu. Dzīvoklis,JaunķemeriKolkas 20A,2,42,2/3,Hrušč.,59000
https://www.ss.com/msg/lv/real-estate/flats/jurmala/kauguri/cemxo.html,https://i.ss.com/gallery/7/1267/316545/63308886.th2.jpg,"Pārdod 1 istabas dzīvoklis ar mājīgu izkārtojumu, 15 minūšu",KauguriKauņas 26,1,37,5/5,103,32500
https://www.ss.com/msg/lv/real-estate/flats/jurmala/kauguri/eccck.html,https://i.ss.com/gallery/7/1332/332883/66576542.th2.jpg,"Piedāvājumā gaišs un plašs četru istabu dzīvoklis Jūrmalā, K",KauguriSkolas 69,4,71,5/5,Hrušč.,55000
https://www.ss.com/msg/lv/real-estate/flats/jurmala/kauguri/anpke.html,https://i.ss.com/gallery/7/1245/311027/62205323.th2.jpg,Продается 3-х комнатная квартира на третьем этаже. В кварт,KauguriJurģu 5,3,65,3/5,103,62000
https://www.ss.com/msg/lv/real-estate/flats/jurmala/kauguri/egxgm.html,https://i.ss.com/gallery/7/1275/318678/63735475.th2.jpg,Продается 3-х комнатная квартира на девятом этаже с великоле,KauguriТербатас 46,3,62,9/9,602,55000
https://www.ss.com/msg/lv/real-estate/flats/jurmala/jaundubulti/beeegm.html,https://i.ss.com/gallery/6/1194/298322/59664276.th2.jpg,Piedāvā iegādāties 2-istabu dzīvokli ekskluzīvā projektā Amb,JaundubultiStrēlnieku pr. 42,2,57,1/3,Jaun.,154022
https://www.ss.com/msg/lv/real-estate/flats/jurmala/jaundubulti/bdpkpl.html,https://i.ss.com/gallery/7/1243/310530/62105955.th2.jpg,Piedāvā iegādāties 3-istabu dzīvokli ekskluzīvā projektā Amb,JaundubultiStrēlnieku pr. 42,3,78,2/3,Jaun.,208588
https://www.ss.com/msg/lv/real-estate/flats/jurmala/dzintari/bcnigb.html,https://i.ss.com/gallery/7/1332/332948/66589470.th2.jpg,"Sun Terraces – vieta, kur dzīvo harmonija starp jūru un prie",DzintariDzintaru pr. 36,3,130,1/3,Jaun.,650000
https://www.ss.com/msg/lv/real-estate/flats/jurmala/jaundubulti/bebkdi.html,https://i.ss.com/gallery/7/1243/310532/62106270.th2.jpg,Piedāvā iegādāties 3-istabu dzīvokli ekskluzīvā projektā Amb,JaundubultiStrēlnieku pr. 42,3,88,3/3,Jaun.,236275
https://www.ss.com/msg/lv/real-estate/flats/jurmala/melluzi/bfcojk.html,https://i.ss.com/gallery/7/1332/332943/66588577.th2.jpg,"Pārdod 3 istabu dzīvokli prestižajā projektā ""Komponistu nam",MellužiMellužu pr. 19,3,73,2/6,Renov.,155000
https://www.ss.com/msg/lv/real-estate/flats/jurmala/bulduri/gipfd.html,https://i.ss.com/gallery/7/1332/332939/66587663.th2.jpg,Piedāvājam iegādāties plašu un gaišu 3 istabu dzīvokli ar iz,BulduriMuižas 11,3,103,4/4,Jaun.,298000
https://www.ss.com/msg/lv/real-estate/flats/jurmala/bulduri/ejnki.html,https://i.ss.com/gallery/6/1033/258060/51611803.th2.jpg,Продаю четырёхкомнатную квартиру на первой линии от моря.,BulduriВидус проспект 51,4,109,2/3,Jaun.,358710
https://www.ss.com/msg/lv/real-estate/flats/jurmala/dzintari/bcmehm.html,https://i.ss.com/gallery/7/1332/332922/66584382.th2.jpg,Pārdod mājīgu 2-istabu dzīvokli Jūrmalā. Piedāvājam mēbe,DzintariEmīlijas 14 6,2,44,2/2,Specpr.,64000
https://www.ss.com/msg/lv/real-estate/flats/jurmala/asari/bfnjmj.html,https://i.ss.com/gallery/7/1315/328712/65742258.th2.jpg,"Pārdod skaistus apartamentus, pie paša jūras krasta, kāpu zo",AsariDzimtenes 1,3,140,2/4,Jaun.,680000
https://www.ss.com/msg/lv/real-estate/flats/jurmala/kauguri/oxpml.html,https://i.ss.com/gallery/7/1255/313573/62714566.th2.jpg,Īpašnieks pārdod 2 istabu dzīvokli Dzīvokļa apraksts: -,KauguriTalsu šos 31 13,2,42,3/5,Hrušč.,39500
https://www.ss.com/msg/lv/real-estate/flats/jurmala/asari/bfjipg.html,https://i.ss.com/gallery/7/1332/332893/66578469.th2.jpg,"Vai jūs jau sen sapņojiet par dzīvi Jūrmalā, kur pateicoties",AsariAsaru pr. 57,3,95,3/4,Jaun.,228000
https://www.ss.com/msg/lv/real-estate/flats/jurmala/kauguri/bbkied.html,https://i.ss.com/gallery/7/1283/320684/64136799.th2.jpg,Tiek pārdot plašs un gaišs dzīvoklis Kauguros. Liela lodžija,KauguriJurgu 4,1,39,3/5,M. ģim.,31000
https://www.ss.com/msg/lv/real-estate/flats/jurmala/kauguri/dodlg.html,https://i.ss.com/gallery/7/1287/321616/64323073.th2.jpg,Продаётся 2-комнатная квартира в Каугури со свежим евроремон,KauguriSkolas 27,2,50,5/9,602,48000
https://www.ss.com/msg/lv/real-estate/flats/jurmala/asari/bfconi.html,https://i.ss.com/gallery/7/1261/315059/63011624.th2.jpg,"Pārdodu dzīvokli (rindu māju) Asaros, 2 stāvi, 6 istabas, ko",AsariDāvja 24,6,135,1/2,Jaun.,65000
https://www.ss.com/msg/lv/real-estate/flats/jurmala/dzintari/hgkjm.html,https://i.ss.com/gallery/7/1332/332834/66566792.th2.jpg,Ekskluzīvs dzīvoklis mūsdienīgā dzīvokļu kompleksā “Turaidas,DzintariТурайдас 17,3,118,2/4,Jaun.,415000
https://www.ss.com/msg/lv/real-estate/flats/jurmala/lielupe/nmkni.html,https://i.ss.com/gallery/7/1253/313044/62608674.th2.jpg,"Skaists, saulains 2 istabu studijas tipa dzīvoklis teicamā v",LielupeMeža pr. 64,2,48,4/4,Specpr.,74000
https://www.ss.com/msg/lv/real-estate/flats/jurmala/majori/bxlnpk.html,https://i.ss.com/gallery/7/1215/303566/60713156.th2.jpg,Divlīmeņu mansarda dzīvoklis Majoros 5 minūšu gājiena attālu,MajoriЛиенес 7,4,104,3/3,Jaun.,215000
https://www.ss.com/msg/lv/real-estate/flats/jurmala/jaundubulti/bxbghh.html,https://i.ss.com/gallery/7/1330/332471/66494068.th2.jpg,"Продается уютная, теплая, однокомнатная квартира. Kвартирa",JaundubultiSlokas 63/7,1,28,3/4,Specpr.,37000
https://www.ss.com/msg/lv/real-estate/flats/jurmala/dubulti/idplk.html,https://i.ss.com/gallery/7/1294/323492/64698389.th2.jpg,Pārdod 3.istabu dzīvokli Jūrmalā (Dubultos). Dzīvoklī veik,DubultiIevas 6,3,66,4/4,Specpr.,98000
https://www.ss.com/msg/lv/real-estate/flats/jurmala/kauguri/gcikx.html,https://i.ss.com/gallery/7/1331/332746/66549189.th2.jpg,Pilnībā sagatavots tālākajam remontam. Viss demontēts un izv,KauguriTērbatas 32,2,46,2/5,103,54900
https://www.ss.com/msg/lv/real-estate/flats/jurmala/sloka/ekejn.html,https://i.ss.com/gallery/7/1322/330342/66068354.th2.jpg,Продаётся 3-комнатная квартира. Отопление дровяной котел.,SlokaDzirnavu 67,3,53,2/2,P. kara,36000
https://www.ss.com/msg/lv/real-estate/flats/jurmala/dzintari/bpgmb.html,https://i.ss.com/gallery/7/1276/318791/63758111.th2.jpg,Premium klases apartamenti jaunajā projektā - Edinburg Resid,DzintariDzintaru pr. 44,5,390,1/3,Jaun.,850000
https://www.ss.com/msg/lv/real-estate/flats/jurmala/majori/blfpf.html,https://i.ss.com/gallery/7/1331/332716/66543123.th2.jpg,Последний шанс зафиксировать цену. С 10 марта стоимость повы,MajoriJomas 46,2,26,3/4,Renov.,99560
https://www.ss.com/msg/lv/real-estate/flats/jurmala/jaundubulti/bejpid.html,https://i.ss.com/gallery/4/605/151036/30207162.th2.jpg,Arhitektu veidots mājīgs divstāvu ekskluzīva dizaina dzīvokl,JaundubultiStrēlnieku pr. 48,2,56,2/2,Specpr.,86000
https://www.ss.com/msg/lv/real-estate/flats/jurmala/lielupe/cdfmc.html,https://i.ss.com/gallery/7/1331/332690/66537804.th2.jpg,"Pārdodu skaistā vietā mājīgu , saulainu 3 istabu dzīvokli ar",LielupeLašu 7,3,74,4/4,Specpr.,110000
https://www.ss.com/msg/lv/real-estate/flats/jurmala/jaundubulti/llehc.html,https://i.ss.com/gallery/7/1331/332673/66534455.th2.jpg,Dzīvoklis pirmajā stāvā 97 kv. m - plaša veranda ar skaistām,JaundubultiPoruka pr. 43,6,70,2/1,P. kara,60000
https://www.ss.com/msg/lv/real-estate/flats/jurmala/jaundubulti/pikdj.html,https://i.ss.com/gallery/7/1314/328340/65667934.th2.jpg,Pārdošanā plašs 2 istabu dzīvoklis ar privātu zaļo zonu un p,JaundubultiStrēlnieku 52,2,72,1/4,Jaun.,185000
https://www.ss.com/msg/lv/real-estate/flats/jurmala/asari/bcppge.html,https://i.ss.com/gallery/7/1319/329541/65908134.th2.jpg,Pilnībā aprīkots trīsistabu dzīvoklis Sky Garden kompleksā a,AsariAsaru pr. 53,3,85,1/3,Jaun.,196000
https://www.ss.com/msg/lv/real-estate/flats/jurmala/vaivari/pfnbj.html,https://i.ss.com/gallery/7/1319/329547/65909337.th2.jpg,"Tiek pārdots gaišs, omulīgs trīsistabu dzīvoklis dzīvojamajā",VaivariAsaru pr. 53,3,96,1/4,Jaun.,209000
https://www.ss.com/msg/lv/real-estate/flats/jurmala/dzintari/dgbbm.html,https://i.ss.com/gallery/7/1287/321600/64319960.th2.jpg,Penthouse Zelta jūdzē Jūrmalā. Apartamenti ar baltu apdari,DzintariDzintaru pr. 12,3,138,3/3,Jaun.,250000
https://www.ss.com/msg/lv/real-estate/flats/jurmala/melluzi/bfpkpc.html,https://i.ss.com/gallery/7/1319/329544/65908753.th2.jpg,"Mājīgs 3 istabu dzīvoklis stabilā, pamatīgā ēkā 150m no jūra",MellužiMellužu pr. 19,3,84,2/5,Specpr.,250000
https://www.ss.com/msg/lv/real-estate/flats/jurmala/melluzi/aaadj.html,https://i.ss.com/gallery/6/1129/282107/56421290.th2.jpg,Продаётся (или меняется на другую недвижимость) меблированна,MellužiMelluzu prospects 77,5,292,2/3,Jaun.,355000
https://www.ss.com/msg/lv/real-estate/flats/jurmala/lielupe/bbkkef.html,https://i.ss.com/gallery/7/1318/329271/65854074.th2.jpg,Īpašnieks pārdod kompaktu studijas tipa 2 istabu dzīvokli pi,LielupeLašu 7,2,43,1/4,Specpr.,79900
https://www.ss.com/msg/lv/real-estate/flats/jurmala/kauguri/dflee.html,https://i.ss.com/gallery/6/1149/287061/57412022.th2.jpg,"Pārdodu 1 istabas dzīvokli Kauguros, 15 min no pludmales.",KauguriEngures 1,1,35,5/5,103,32500
https://www.ss.com/msg/lv/real-estate/flats/jurmala/kauguri/bxkldj.html,https://i.ss.com/gallery/7/1331/332635/66526933.th2.jpg,Izremontēts gaišs un silts studio tipa dzīvoklis renovētā mā,KauguriArtilērijas 9,2,53,1/5,103,53000
https://www.ss.com/msg/lv/real-estate/flats/jurmala/dubulti/hemfb.html,https://i.ss.com/gallery/7/1278/319381/63876127.th2.jpg,Райский уголок у самого синего моря - красивая квартира - да,DubultiSlokas 24,2,52,1/1,Specpr.,94900
https://www.ss.com/msg/lv/real-estate/flats/jurmala/melluzi/nmckd.html,https://i.ss.com/gallery/7/1314/328254/65650674.th2.jpg,Предлагаем приобрести просторную квартиру с террасой на крыш,MellužiMellužu pr. 77,3,293,1/3,Jaun.,250000
https://www.ss.com/msg/lv/real-estate/flats/jurmala/lielupe/bxljpe.html,https://i.ss.com/gallery/7/1331/332633/66526597.th2.jpg,"Moderns dzīvoklis pašā jūras krastā, miera osta Jūrmalas mie",Lielupe29. līnija 1,2,99,6/6,Renov.,270000
https://www.ss.com/msg/lv/real-estate/flats/jurmala/kauguri/ffjpj.html,https://i.ss.com/gallery/7/1245/311028/62205544.th2.jpg,Продается 1-комнатная квартира на 3-ем этаже. Квартира с р,KauguriСколас 69,1,37,3/5,M. ģim.,36500
https://www.ss.com/msg/lv/real-estate/flats/jurmala/dzintari/bckcgi.html,https://i.ss.com/gallery/6/1138/284402/56880298.th2.jpg,"Lieliska iespēja iegādāties sapņu dzīvokli lieliskā, mierīgā",DzintariOšu 2,3,73,2/2,Jaun.,155000
https://www.ss.com/msg/lv/real-estate/flats/jurmala/dzintari/bdjkid.html,https://i.ss.com/gallery/7/1247/311615/62322942.th2.jpg,Vasara strauji tuvojas. Vienreizēja iespēja iegādāties dzīvo,DzintariOšu 2,2,36,2/2,Jaun.,81500
https://www.ss.com/msg/lv/real-estate/flats/jurmala/dzintari/bdplje.html,https://i.ss.com/gallery/7/1247/311615/62322942.th2.jpg,Vasara tuvojas. Šo iespēju nevar palaist garām - piedāvājam,DzintariOšu 2,2,32,1/2,Jaun.,69000
https://www.ss.com/msg/lv/real-estate/flats/jurmala/dzintari/bdjkkx.html,https://i.ss.com/gallery/7/1247/311615/62322946.th2.jpg,Unikāla iespēja iegādāties dzīvokli lieliskā vietā Dzintaros,DzintariOšu 2,2,34,2/2,Jaun.,74000
https://www.ss.com/msg/lv/real-estate/flats/jurmala/dzintari/bcllmb.html,https://i.ss.com/gallery/7/1246/311450/62289885.th2.jpg,Vasara tuvojas.Unikāla iespēja iegādāties dzīvokli lielis,DzintariOšu 2,2,35,2/2,Jaun.,76500
https://www.ss.com/msg/lv/real-estate/flats/jurmala/dzintari/jbcoh.html,https://i.ss.com/gallery/6/1124/280890/56177975.th2.jpg,"Piedāvājam iegādei kompaktu 1 - istabu, plānojumā pārdomātu",DzintariOšu 2,1,17,2/2,Jaun.,45000
https://www.ss.com/msg/lv/real-estate/flats/jurmala/bulduri/jbeio.html,https://i.ss.com/gallery/6/1102/275263/55052469.th2.jpg,"Unikāls dzīvoklis, kas atrodas privātmāju sektorā Bulduros,",BulduriAizputes 18,3,93,3/3,Specpr.,290000
https://www.ss.com/msg/lv/real-estate/flats/jurmala/dzintari/gxgfh.html,https://i.ss.com/gallery/7/1304/325761/65152072.th2.jpg,Новые двухуравневые апартаменты с тремя спальнями и тремя са,DzintariViktorijas 16,4,153,1/2,Jaun.,470000
https://www.ss.com/msg/lv/real-estate/flats/jurmala/asari/bfgpbd.html,https://i.ss.com/gallery/7/1276/318806/63761025.th2.jpg,Pārdodu 2-istabu dzīvokli dažu metru attālumā no jūras lieda,AsariKāpu 95,2,70,3/3,Jaun.,180000
https://www.ss.com/msg/lv/real-estate/flats/jurmala/asari/hmxhn.html,https://i.ss.com/gallery/7/1276/318805/63760883.th2.jpg,Pārdodu 3-istabu dzīvokli dažu metru attālumā no jūras lieda,AsariKāpu 95,3,90,2/3,Jaun.,238000
https://www.ss.com/msg/lv/real-estate/flats/jurmala/melluzi/fhckx.html,https://i.ss.com/gallery/7/1331/332533/66506405.th2.jpg,"Ekskluzīvs un plašs 5-istabu dzīvoklis Jūrmalā, Mellužu pros",MellužiMellužu pr. 19,5,193,5/5,Renov.,390000
https://www.ss.com/msg/lv/real-estate/flats/jurmala/melluzi/gibed.html,https://i.ss.com/gallery/6/1079/269668/53933585.th2.jpg,"Tiek pārdots brīnišķīgs dzīvoklis Jūrmalā, jūras pusē.Dzī",MellužiMellužu pr. 77,3,128,1/3,Renov.,215000
https://www.ss.com/msg/lv/real-estate/flats/jurmala/dzintari/bengjg.html,https://i.ss.com/gallery/7/1251/312582/62516361.th2.jpg,~100м от пляжа на Дзинтару проспекте продается меблированная,DzintariDzintaru pr. 42,3,99,3/4,Jaun.,249000
https://www.ss.com/msg/lv/real-estate/flats/jurmala/dzintari/cebbp.html,https://i.ss.com/gallery/6/1182/295318/59063465.th2.jpg,Продаёт владелец новый ремонт 1 линия в самом центре Юрмала,DzintariMadonas 5,2,100,1/4,Jaun.,235000
https://www.ss.com/msg/lv/real-estate/flats/jurmala/asari/bfxpde.html,https://i.ss.com/gallery/7/1330/332402/66480233.th2.jpg,"Ekskluzīvs penthouse prestižajā Sunlight Residence ēkā, tika",AsariKāpu 106,4,374,3/3,Jaun.,950000
https://www.ss.com/msg/lv/real-estate/flats/jurmala/kauguri/bnoib.html,https://i.ss.com/gallery/7/1330/332398/66479517.th2.jpg,"Pārdod 2-istabu Dzīvoklī Kauguros. 103. sērija – 47 m3,",KauguriTērbatas 36,2,47,5/5,103,60000
https://www.ss.com/msg/lv/real-estate/flats/jurmala/dzintari/bedxed.html,https://i.ss.com/gallery/7/1216/303900/60779813.th2.jpg,"Penthaus pie Dzintaru koncertzāles, Jomas ielas, Dzintaru me",DzintariDzintaru pr. 12,3,167,3/3,Jaun.,250000
https://www.ss.com/msg/lv/real-estate/flats/jurmala/dubulti/dlgej.html,https://i.ss.com/gallery/7/1330/332454/66490717.th2.jpg,"Продается 2-х комнатная стильная , теплая , светлая квартира",DubultiDrosmes 3,2,53,4/4,103,68000
https://www.ss.com/msg/lv/real-estate/flats/jurmala/dzintari/bdpjgi.html,https://i.ss.com/gallery/5/828/206870/41373881.th2.jpg,Piedāvājam iegādāties plašu 4 guļamistabu penthaus dzīvokli,DzintariIkšķiles 4,4,343,3/3,Jaun.,855000
https://www.ss.com/msg/lv/real-estate/flats/jurmala/dzintari/bcljmm.html,https://i.ss.com/gallery/7/1254/313375/62674850.th2.jpg,Piedāvājam iegādei penthausu projektā Kado Karim ar lielisku,DzintariIkšķiles 4,4,330,3/3,Jaun.,895500
https://www.ss.com/msg/lv/real-estate/flats/jurmala/majori/ecnig.html,https://i.ss.com/gallery/7/1330/332421/66484063.th2.jpg,Projekts Auroom tuvojas noslēgumam – pēdējā iespēja iegādāti,MajoriJomas 46,2,41,2/4,Renov.,151330
https://www.ss.com/msg/lv/real-estate/flats/jurmala/dzintari/afkjl.html,https://i.ss.com/gallery/7/1319/329643/65928572.th2.jpg,Pārdod plašu un gaišu 3-istabu dzīvokli ar pazemes autostāvv,DzintariEdinburgas 11,3,93,1/4,Jaun.,259500
https://www.ss.com/msg/lv/real-estate/flats/jurmala/kauguri/akmjo.html,https://i.ss.com/gallery/7/1227/306567/61313295.th2.jpg,"Trīsistabu dzīvoklis Jūrmalā, pavisam netālu no jūras. Dzīvo",KauguriTalsu šoseja 31 k. 5 5,3,73,1/5,Hrušč.,69500
https://www.ss.com/msg/lv/real-estate/flats/jurmala/bulduri/glkld.html,https://i.ss.com/gallery/7/1330/332273/66454406.th2.jpg,"Fasādes māja, ķieģeļu mūra sienas, ieeja no pagalma, kāpņu t",BulduriMazā Jelgavas 18,1,35,4/5,103,63000
https://www.ss.com/msg/lv/real-estate/flats/jurmala/dubulti/eoxkn.html,https://i.ss.com/gallery/6/1088/271867/54373219.th2.jpg,Хозяин продает. Эксклюзивная теплая с дизайнерским ремонтом,DubultiSlokas 65,2,30,2/4,Specpr.,57950
https://www.ss.com/msg/lv/real-estate/flats/jurmala/dzintari/ighhi.html,https://i.ss.com/gallery/7/1330/332374/66474654.th2.jpg,На продажу эксклюзивный 2-х комнатный лофт в Дзинтари на 1 э,DzintariMezaparka 10,2,39,1/2,Jaun.,200000
https://www.ss.com/msg/lv/real-estate/flats/jurmala/dzintari/mofxb.html,https://i.ss.com/gallery/7/1284/320807/64161208.th2.jpg,Предлагаются к продаже в новом реновированном проекте “Edinb,DzintariMežaparka prospekt 10,3,56,5/5,Jaun.,197000
https://www.ss.com/msg/lv/real-estate/flats/jurmala/bulduri/jxehi.html,https://i.ss.com/gallery/7/1245/311092/62218276.th2.jpg,"Tiek pārdots elegants, gaišs 3-istabu dzīvoklis ar lodžiju u",BulduriKuldīgas 9,3,100,4/4,Jaun.,250000
https://www.ss.com/msg/lv/real-estate/flats/jurmala/bulduri/kieeh.html,https://i.ss.com/gallery/7/1246/311459/62291619.th2.jpg,Продаю прекрасную квартиру в прекрасном районе. В шаговой до,BulduriSaldus 7,2,49,2/4,Specpr.,93000
https://www.ss.com/msg/lv/real-estate/flats/jurmala/pumpuri/bmncco.html,https://i.ss.com/gallery/7/1212/302961/60592002.th2.jpg,Kāpu zona 1. Līnija- 100m līdz jūrai.Lielisks 2-istabu,PumpuriGaujas 2,2,76,2/3,Jaun.,215000
https://www.ss.com/msg/lv/real-estate/flats/jurmala/kauguri/bxjfxe.html,https://i.ss.com/gallery/7/1320/329942/65988360.th2.jpg,2-istabu dzīvoklis lieliskā lokācijā Kauguros ar balkonu.,KauguriTalsu šoseja 31 k-12,2,42,3/5,Hrušč.,32800
https://www.ss.com/msg/lv/real-estate/flats/jurmala/kauguri/bjfbc.html,https://i.ss.com/gallery/7/1320/329944/65988662.th2.jpg,2-istabu dzīvoklis lieliskā lokācijā Kauguros ar balkonu.,KauguriTalsu šoseja 31 k-2,2,41,3/5,Hrušč.,32800
https://www.ss.com/msg/lv/real-estate/flats/jurmala/dzintari/bclkic.html,https://i.ss.com/gallery/7/1253/313186/62637046.th2.jpg,Piedāvājam iegādāties apartamentus projektā Edinburgh Apartm,DzintariПроспект Межапарка 10,2,77,1/2,Jaun.,228000
https://www.ss.com/msg/lv/real-estate/flats/jurmala/jaundubulti/bjgjbk.html,https://i.ss.com/gallery/7/1253/313185/62636988.th2.jpg,"Pārdod 3 īstabu dzīvokli jaunajā projektā ""Jūrmalas Rezidenc",JaundubultiПроспект Стрелниеку 50,3,98,2/4,Jaun.,380000
https://www.ss.com/msg/lv/real-estate/flats/jurmala/bulduri/aeclp.html,https://i.ss.com/gallery/6/1073/268170/53633842.th2.jpg,"К продаже предлагается квартира в новом проекте ""elegia"" в с",BulduriПроспект Видус 51,4,109,2/3,Jaun.,358710
https://www.ss.com/msg/lv/real-estate/flats/jurmala/dzintari/bdnpdg.html,https://i.ss.com/gallery/5/937/234039/46807775.th2.jpg,Unikāla iespēja iegūt savā īpašumā 4x istabu dzīvokli netali,DzintariEdinburgas Prospekts 7,4,105,1/2,Priv. m.,150000
https://www.ss.com/msg/lv/real-estate/flats/jurmala/kauguri/dokjj.html,https://i.ss.com/gallery/7/1266/316354/63270604.th2.jpg,Pārdod 1 istabas dzīvoklis ar mājīgu izkārtojumu.Dzīvokli,KauguriSkolas 69A,1,39,5/5,M. ģim.,30000
https://www.ss.com/msg/lv/real-estate/flats/jurmala/majori/bxkogc.html,https://i.ss.com/gallery/6/1048/261943/52388490.th2.jpg,Dzīvoklis jaunajā projektā - Villa Majori – jauns projekts a,MajoriВикторияс 16,4,303,1/3,Jaun.,470000
https://www.ss.com/msg/lv/real-estate/flats/jurmala/dzintari/ifcjk.html,https://i.ss.com/gallery/7/1325/331109/66221790.th2.jpg,"Pārdodam izcilu divstāvu dzīvokli Jūrmalā, tikai 300 metru a",DzintariViktorijas 16,4,153,1/3,Jaun.,470000
https://www.ss.com/msg/lv/real-estate/flats/jurmala/dzintari/mpxem.html,https://i.ss.com/gallery/7/1325/331106/66221135.th2.jpg,"Хозяйка продаёт однокомнатную квартиру в тихом, спальном рай",DzintariJāņa Pliekšāna 88,1,35,1/5,LT proj.,38000
https://www.ss.com/msg/lv/real-estate/flats/jurmala/bulduri/kfmjf.html,https://i.ss.com/gallery/7/1304/325828/65165472.th2.jpg,"Продаю 4х комнатный пентхаус с террасой на южную сторону,",BulduriMeža pr. 20,4,192,3/3,Jaun.,500009
https://www.ss.com/msg/lv/real-estate/flats/jurmala/kauguri/bmmom.html,https://i.ss.com/gallery/7/1248/311843/62368515.th2.jpg,"Pārdod 2-istabas dzīvokli Kauguros, centrs, 3.stāvs, istabas",KauguriRaina 81,2,54,3/5,LT proj.,52000
https://www.ss.com/msg/lv/real-estate/flats/jurmala/asari/bfjhlj.html,https://i.ss.com/gallery/7/1254/313376/62675063.th2.jpg,"Jūras pusē. 500 m līdz jūrai, 300 m līdz Kāpu ielai. Sakopts",AsariDzelzceļa 25,2,61,2/2,Specpr.,55000
https://www.ss.com/msg/lv/real-estate/flats/jurmala/majori/hogcg.html,https://i.ss.com/gallery/7/1244/310996/62199167.th2.jpg,Uz pārdošanu tiek piedāvāts dzīvoklis Jūrmalas centrā - Majo,MajoriЭрглю 4,2,102,3/11,Jaun.,300000
https://www.ss.com/msg/lv/real-estate/flats/jurmala/melluzi/bnffc.html,https://i.ss.com/gallery/7/1284/320860/64171881.th2.jpg,Pārdošanai tiek piedāvāts mājīgs 2-istabu dzīvoklis pie jūra,MellužiКаналу 9,2,75,2/3,Jaun.,195000
https://www.ss.com/msg/lv/real-estate/flats/jurmala/asari/bemmbp.html,https://i.ss.com/gallery/7/1281/320127/64025359.th2.jpg,Pārdodam 3 istabu dzīvokli 200m no jūras ar atsevišķu ieeju,AsariVēju 5a,3,84,2/3,Jaun.,279000
https://www.ss.com/msg/lv/real-estate/flats/jurmala/bulduri/bedbxi.html,https://i.ss.com/gallery/6/1034/258387/51677324.th2.jpg,"Tiek pārdots 3-istabu dzīvoklis Bulduros, tiešā jūras tuvumā",BulduriVidus 54,3,97,3/4,Jaun.,305000
https://www.ss.com/msg/lv/real-estate/flats/jurmala/bulduri/bomob.html,https://i.ss.com/gallery/7/1314/328363/65672548.th2.jpg,"Pārdošanā 3-istabu dzīvoklis ar terasi Bulduros, tikai 400 m",BulduriVienības pr. 34,3,83,1/3,Jaun.,255220
https://www.ss.com/msg/lv/real-estate/flats/jurmala/bulduri/bpghg.html,https://i.ss.com/gallery/7/1294/323444/64688712.th2.jpg,Четырехкомнатная квартира у моря в Юрмале в Булдури.Опи,BulduriVidus pr. 51,4,109,2/3,Jaun.,358710
https://www.ss.com/msg/lv/real-estate/flats/jurmala/kauguri/ajmbb.html,https://i.ss.com/gallery/7/1329/332194/66438661.th2.jpg,"Pārdodas 2 istabu dzīvoklis , 4 stāvs, 103 sērija Kauguros.",KauguriNometņu 9,2,47,4/5,103,40000
https://www.ss.com/msg/lv/real-estate/flats/jurmala/dubulti/ddled.html,https://i.ss.com/gallery/7/1329/332182/66436207.th2.jpg,"Перепланированная, евроремонт, не угловая, теплая, встроенна",DubultiKlavu 33,3,68,1/4,LT proj.,119000
https://www.ss.com/msg/lv/real-estate/flats/jurmala/bulduri/fgfnd.html,https://i.ss.com/gallery/7/1286/321391/64278058.th2.jpg,Новая роскошная квартира с 2 спальнями в клубном доме в Юрма,BulduriBulduru Prospekts 21,3,148,2/4,Jaun.,890000
https://www.ss.com/msg/lv/real-estate/flats/jurmala/dzintari/bdnpnj.html,https://i.ss.com/gallery/7/1242/310380/62075960.th2.jpg,Piedavājumā Īpašums - 3-istabu dzīvoklis ar plašu terasi.,DzintariRīgas 51,3,108,1/4,Jaun.,265000
https://www.ss.com/msg/lv/real-estate/flats/jurmala/kauguri/egxne.html,https://i.ss.com/gallery/7/1329/332113/66422442.th2.jpg,Tiek piedāvāts 1-istabu dzīvoklis Kauguros Dzīvokļa plāno,KauguriEngures 5,1,34,4/5,103,31800
https://www.ss.com/msg/lv/real-estate/flats/jurmala/bulduri/ajkmi.html,https://i.ss.com/gallery/7/1327/331735/66346901.th2.jpg,Продается квартира в элитном жилом комплексе Юрмалы Legend.,BulduriBulduru pr. 19,5,229,3/4,Jaun.,1800000
https://www.ss.com/msg/lv/real-estate/flats/jurmala/majori/bxniom.html,https://i.ss.com/gallery/7/1329/332022/66404341.th2.jpg,Продается изысканная 2-этажная квартира 115 кв. м. в 2 мин.,MajoriJomas 15,3,115,3/4,Jaun.,360000
https://www.ss.com/msg/lv/real-estate/flats/jurmala/majori/fmbde.html,https://i.ss.com/gallery/7/1274/318284/63656627.th2.jpg,Rets piedāvājums - dzīvoklis pašā Jūrmalas centrā ar savu tū,MajoriLienes 36,3,90,1/3,Jaun.,218000
https://www.ss.com/msg/lv/real-estate/flats/jurmala/jaundubulti/cfjfkp.html,https://i.ss.com/gallery/7/1291/322640/64527888.th2.jpg,"Pārdod unikāla plānojuma dzīvokli Jūrmalas klusajā daļā, Jau",JaundubultiAbavas 6,5,111,3/5,Specpr.,233000
https://www.ss.com/msg/lv/real-estate/flats/jurmala/asari/bfhhxc.html,https://i.ss.com/gallery/7/1254/313377/62675283.th2.jpg,"Jūras pusē. 500 m līdz jūrai, 300 m līdz Kāpu ielai. Sakopts",AsariDzelzceļa 25,3,113,1/2,Priv. m.,93000
https://www.ss.com/msg/lv/real-estate/flats/jurmala/dzintari/amigj.html,https://i.ss.com/gallery/7/1209/302146/60429093.th2.jpg,No attīstītāja. Pēdējie apartamenti.Jaunie divstāvu apart,DzintariViktorijas 16,4,153,1/3,Jaun.,470000
https://www.ss.com/msg/lv/real-estate/flats/jurmala/majori/acncx.html,https://i.ss.com/gallery/7/1209/302146/60429093.th2.jpg,No attīstītāja. Pēdējie apartamenti.Jaunie divstāvu apart,MajoriViktorijas 16,4,153,1/3,Jaun.,470000
https://www.ss.com/msg/lv/real-estate/flats/jurmala/jaundubulti/bebkdj.html,https://i.ss.com/gallery/7/1219/304632/60926271.th2.jpg,Pilnībā mēbelēti apartamenti ar plašu terasi 1.līnijā pie jū,JaundubultiGaujas 4,3,100,1/4,Jaun.,340000
https://www.ss.com/msg/lv/real-estate/flats/jurmala/dzintari/bfdlhc.html,https://i.ss.com/gallery/7/1227/306574/61314714.th2.jpg,"Квартирная собственность. Квартира с террасой в Дзинтари, ря",DzintariDzintaru pr. 12,3,167,3/3,Jaun.,250000
https://www.ss.com/msg/lv/real-estate/flats/jurmala/melluzi/bemdc.html,https://i.ss.com/gallery/7/1216/303846/60769026.th2.jpg,"Большая терраса с отдельным входом, двухэтажная, две спальни",MellužiMellužu pr. 19,3,144,1/1,Renov.,195000
https://www.ss.com/msg/lv/real-estate/flats/jurmala/pumpuri/cfnlnf.html,https://i.ss.com/gallery/7/1327/331637/66327307.th2.jpg,Pārdodam divistabu dzīvokli ar lielu terasi elitārā ēkā. Kop,PumpuriPiejūras 1A,2,72,1/3,Jaun.,295000
https://www.ss.com/msg/lv/real-estate/flats/jurmala/kauguri/fmdpp.html,https://i.ss.com/gallery/7/1225/306208/61241427.th2.jpg,Īpašnieks pārdod 2istabu dzīvokli Kauguros. 1stāvā 5 stāvu m,KauguriTirzas 33,2,53,1/5,Specpr.,54000
https://www.ss.com/msg/lv/real-estate/flats/jurmala/pumpuri/agnno.html,https://i.ss.com/gallery/7/1328/331893/66378503.th2.jpg,Piedāvājam pārdošanai Rindu Māju ar savu zemesgabalu. M,PumpuriSlokas 91b,4,207,3/3,Jaun.,270000
https://www.ss.com/msg/lv/real-estate/flats/jurmala/bulduri/fcimx.html,https://i.ss.com/gallery/7/1328/331946/66389096.th2.jpg,Продается в топовом месте Юрмалы 3-х комнатная квартира в но,BulduriMeža pr. 20,3,92,2/3,Jaun.,305650
https://www.ss.com/msg/lv/real-estate/flats/jurmala/dzintari/dhhdf.html,https://i.ss.com/gallery/7/1328/331813/66362513.th2.jpg,Attīstītājs pārdod 6 istabu penthausa tipa dzīvoklii jaunajā,DzintariRīgas 49,6,235,4/4,Jaun.,620000
https://www.ss.com/msg/lv/real-estate/flats/jurmala/dzintari/mldlg.html,https://i.ss.com/gallery/5/975/243547/48709220.th2.jpg,Lat:rus: Attīstītājs piedāvā augstvērtīga dizaina apartame,DzintariMežaparka pr. 10,3,105,2/2,Jaun.,376520
https://www.ss.com/msg/lv/real-estate/flats/jurmala/dzintari/jbehh.html,https://i.ss.com/gallery/5/1000/249911/49982072.th2.jpg,Новые полностью меблированные апартаменты в стиле Лофт от за,DzintariMežaparka pr. 10,2,88,1/2,Jaun.,253520
https://www.ss.com/msg/lv/real-estate/flats/jurmala/majori/bxedkn.html,https://i.ss.com/gallery/7/1325/331050/66209820.th2.jpg,Piedāvājam neaizmirstamu dzīvesvietu Jūrmalas pilsētas sirdī,MajoriTuraidas 8,3,200,2/3,Jaun.,500000
https://www.ss.com/msg/lv/real-estate/flats/jurmala/dubulti/bxmmfc.html,https://i.ss.com/gallery/6/1099/274505/54900892.th2.jpg,50 метров от моря. В предложении уникальная 3-х комнатная кв,DubultiCeriņu 6,3,70,1/4,Jaun.,270000
https://www.ss.com/msg/lv/real-estate/flats/jurmala/lielupe/blhkx.html,https://i.ss.com/gallery/7/1328/331830/66365957.th2.jpg,"Trīsistabu dzīvoklis ar kopējo platību 132 m2, terase 42 m2.",LielupeMežotnes 2,3,174,3/3,Specpr.,350000
https://www.ss.com/msg/lv/real-estate/flats/jurmala/dzintari/jbjph.html,https://i.ss.com/gallery/5/974/243435/48686977.th2.jpg,200 шагах от моря в самом востребованном проекте Юрмалы - Pa,DzintariDzintaru pr. 26,3,97,1/4,Jaun.,590000
https://www.ss.com/msg/lv/real-estate/flats/jurmala/majori/aghfp.html,https://i.ss.com/gallery/7/1291/322531/64506133.th2.jpg,"Pārdodu skaistu, saulainu, pilnībā mēbelētu 3 istabu dzīvokl",MajoriJāņa Pliekšāna 96,3,66,5/5,Renov.,130000
https://www.ss.com/msg/lv/real-estate/flats/jurmala/bulluciems/oebjg.html,https://i.ss.com/gallery/6/1173/293029/58605699.th2.jpg,Pārdodas jauks vienistabas dzīvoklis 103.sērijas mājā Buļļuc,BuļļuciemsLašu 5,1,35,4/5,103,51500
https://www.ss.com/msg/lv/real-estate/flats/jurmala/lielupe/kxpgp.html,https://i.ss.com/gallery/6/1125/281063/56212477.th2.jpg,"3-х комнатная квартира на границе природного заповедника ""Ra",LielupeTiklu 11,3,63,1/4,Jaun.,155000
https://www.ss.com/msg/lv/real-estate/flats/jurmala/lielupe/chlng.html,https://i.ss.com/gallery/7/1297/324217/64843354.th2.jpg,Реальная первая линия от моря.С территории дома калитка п,Lielupe29. līnija 1,3,115,2/6,Jaun.,250000
https://www.ss.com/msg/lv/real-estate/flats/jurmala/melluzi/nkxkb.html,https://i.ss.com/gallery/7/1232/307751/61550082.th2.jpg,"Dzīvoklis jaunajā projektā “Villa Astor”, tikai 3 minūšu gāj",MellužiPumpuru 3A,3,85,1/3,Jaun.,225183
https://www.ss.com/msg/lv/real-estate/flats/jurmala/melluzi/befkkf.html,https://i.ss.com/gallery/7/1232/307751/61550082.th2.jpg,"Dzīvoklis jaunajā projektā “Villa Astor”, tikai 3 minūšu gāj",MellužiPumpuru 3a,3,85,3/3,Jaun.,226695
https://www.ss.com/msg/lv/real-estate/flats/jurmala/melluzi/emxhd.html,https://i.ss.com/gallery/7/1232/307751/61550082.th2.jpg,"Dzīvoklis jaunajā projektā “Villa Astor”, tikai 3 minūšu gāj",MellužiPumpuru 3a,3,85,2/3,Jaun.,220381
https://www.ss.com/msg/lv/real-estate/flats/jurmala/lielupe/bxolfh.html,https://i.ss.com/gallery/6/1055/263515/52702938.th2.jpg,"Ekskluzīvs, funkcionāls, gaišs dzīvoklis Jūrmalas prestižāka",LielupeOskara Kalpaka pr. 6,3,87,2/3,Jaun.,345000
https://www.ss.com/msg/lv/real-estate/flats/jurmala/dubulti/ibihj.html,https://i.ss.com/gallery/7/1328/331801/66360124.th2.jpg,Pārdod mājīgu 3 istabu dzīvokli pašā Dubultu centra sirdī. A,DubultiЦериню 9,3,102,6/7,Jaun.,220000
https://www.ss.com/msg/lv/real-estate/flats/jurmala/pumpuri/bpdcnx.html,https://i.ss.com/gallery/7/1228/306915/61382915.th2.jpg,Īpašnieks pārdod jauku plašu četristabu apartamentu ar teras,PumpuriGaujas 4,4,167,1/4,Jaun.,368500
https://www.ss.com/msg/lv/real-estate/flats/jurmala/pumpuri/bpdicb.html,https://i.ss.com/gallery/7/1228/306915/61382916.th2.jpg,Īpašnieks pārdod jauku plašu četristabu apartamentu ar lodži,PumpuriGaujas 4,4,139,2/4,Jaun.,408600
https://www.ss.com/msg/lv/real-estate/flats/jurmala/pumpuri/booomg.html,https://i.ss.com/gallery/7/1228/306900/61379839.th2.jpg,Īpašnieks pārdod jauku plašu trīsistabu apartamentu ar teras,PumpuriGaujas 4,3,175,1/4,Jaun.,340000
https://www.ss.com/msg/lv/real-estate/flats/jurmala/bulduri/ngghm.html,https://i.ss.com/gallery/7/1283/320629/64125789.th2.jpg,"Предлагается на продажу апартамент в новом проекте ""Club 10""",BulduriMeža pr. 20,3,94,2/3,Jaun.,270000
https://www.ss.com/msg/lv/real-estate/flats/jurmala/dzintari/bdnpnm.html,https://i.ss.com/gallery/7/1254/313377/62675360.th2.jpg,Piedāvājam iegādei mūsdienīgā stilā veidotu dzīvokli projekt,DzintariDzintaru pr. 26,4,152,3/4,Jaun.,850000
https://www.ss.com/msg/lv/real-estate/flats/jurmala/bulduri/ndmoj.html,https://i.ss.com/gallery/7/1286/321411/64282184.th2.jpg,Piedāvājam iegādāties 3 guļamistabu Penthaus apartamentus Me,BulduriMeža pr. 20,4,191,3/3,Jaun.,500000
https://www.ss.com/msg/lv/real-estate/flats/jurmala/kauguri/hmlhg.html,https://i.ss.com/gallery/7/1327/331704/66340665.th2.jpg,Pārdod 2-istabu dzīvokli Jūrmalā.Dzīvoklis ir labā stāvok,KauguriSkolas 25,2,51,2/9,602,56500
https://www.ss.com/msg/lv/real-estate/flats/jurmala/lielupe/bxpfbd.html,https://i.ss.com/gallery/7/1321/330007/66001370.th2.jpg,"Pārdodas dzīvoklis kāpu zonā, Jūrmalā, elitā projektā ""Marie",Lielupe29 линия 1a,3,140,4/6,Jaun.,330000
https://www.ss.com/msg/lv/real-estate/flats/jurmala/majori/bxkoll.html,https://i.ss.com/gallery/7/1327/331708/66341420.th2.jpg,"Apartamenti ar pilnībā pabeigtu iekšējo apdari, ir daļēji mē",MajoriViktorijas 16,4,153,1/3,Jaun.,470000
https://www.ss.com/msg/lv/real-estate/flats/jurmala/kauguri/obixg.html,https://i.ss.com/gallery/7/1327/331708/66341471.th2.jpg,"Zeme īpašumā, sagatavots remontam; Automātisks siltumapgāde",KauguriEngures 5,2,47,5/5,103,35200
https://www.ss.com/msg/lv/real-estate/flats/jurmala/kauguri/afpmh.html,https://i.ss.com/gallery/7/1302/325317/65063378.th2.jpg,Продается двухкомнатная квартира 103-ей серии на третьем эта,KauguriЮргю 10,2,54,3/5,103,42000
https://www.ss.com/msg/lv/real-estate/flats/jurmala/kauguri/henhh.html,https://i.ss.com/gallery/7/1315/328726/65745116.th2.jpg,Pārdod 3-istabu dzīvokli Jūrmalā.Dzīvoklis ir labā stāvok,KauguriSkolas 55a,3,59,5/9,467,62000
https://www.ss.com/msg/lv/real-estate/flats/jurmala/dzintari/jbice.html,https://i.ss.com/gallery/7/1327/331696/66339101.th2.jpg,Продаю двух уровневые апартаменты в 300 метрах от моря.,DzintariViktorijas 16,4,153,1/4,Jaun.,470001
https://www.ss.com/msg/lv/real-estate/flats/jurmala/kauguri/aigxc.html,https://i.ss.com/gallery/5/967/241544/48308706.th2.jpg,"Pardod 4-istabas kapitāli izremontētu dzīvokli Kauguros, cen",KauguriTallinas 40,4,78,3/9,602,82000
https://www.ss.com/msg/lv/real-estate/flats/jurmala/bulduri/bclxmm.html,https://i.ss.com/gallery/7/1327/331600/66319872.th2.jpg,Pārdod eleganu 3 istabu dzīvokli Bulduros Dzīvokļa kopējā,BulduriRēzeknes pulka 5,3,84,1/3,Jaun.,200000
https://www.ss.com/msg/lv/real-estate/flats/jurmala/lielupe/fdhcg.html,https://i.ss.com/gallery/7/1222/305440/61087868.th2.jpg,Ekskluzīvs penthaus Jūrmalā Iegādājieties šo iespaidīgo,LielupeOskara Kalpaka prosp 8,3,214,3/3,Jaun.,695000
https://www.ss.com/msg/lv/real-estate/flats/jurmala/dzintari/mldkm.html,https://i.ss.com/gallery/7/1276/318943/63788462.th2.jpg,Продажа или аренда с правом выкупа. Продается квартира со св,DzintariBrivibas pr. 28,3,121,1/3,Jaun.,295000
https://www.ss.com/msg/lv/real-estate/flats/jurmala/dzintari/bdnpdj.html,https://i.ss.com/gallery/4/647/161637/32327220.th2.jpg,"Turaidas Kvartāls, dzīvokļa īpašums. Pārdod īpašnieks - Tura",DzintariTuraidas 17,3,90,2/4,Jaun.,265000
https://www.ss.com/msg/lv/real-estate/flats/jurmala/dzintari/hooee.html,https://i.ss.com/gallery/7/1298/324351/64870017.th2.jpg,Saulriets? Sauna? Terase un vīns? Šis ekskluzīvais Penthouse,DzintariDzintaru pr. 28,4,153,4/4,Jaun.,1000000
https://www.ss.com/msg/lv/real-estate/flats/jurmala/dzintari/fhcfg.html,https://i.ss.com/gallery/7/1298/324350/64869997.th2.jpg,Закат? Сауна? Терраса и вино? Этот эксклюзивный пентхаус в 2,DzintariDzintaru pr. 28,4,153,4/4,Jaun.,1000000
https://www.ss.com/msg/lv/real-estate/flats/jurmala/dubulti/ablch.html,https://i.ss.com/gallery/6/1088/271867/54373258.th2.jpg,Хозяин продает. Роскошная теплая с дизайнерским ремонтом сол,DubultiSlokas 65a,2,30,2/4,Specpr.,49990
https://www.ss.com/msg/lv/real-estate/flats/jurmala/kauguri/fgbkh.html,https://i.ss.com/gallery/7/1302/325329/65065606.th2.jpg,Собственник продает просторную 1-комнатную квартиру в Каугур,KauguriRaiņa 47,1,39,3/5,M. ģim.,27000
https://www.ss.com/msg/lv/real-estate/flats/jurmala/dubulti/nolcm.html,https://i.ss.com/gallery/6/1180/294959/58991633.th2.jpg,"Īpašnieks pārdod atsevišķi nodalītu ""townhouse"" rindu mājas",DubultiSlokas 91,3,207,1/3,Jaun.,270000
https://www.ss.com/msg/lv/real-estate/flats/jurmala/majori/pdlig.html,https://i.ss.com/gallery/7/1293/323140/64627917.th2.jpg,Ekskluzīvs jaunais projekts (2021) otrajā jūras līnijā Major,MajoriViktorijas 16,4,153,1/2,Jaun.,470000
https://www.ss.com/msg/lv/real-estate/flats/jurmala/pumpuri/cxlpxl.html,https://i.ss.com/gallery/7/1326/331483/66296572.th2.jpg,В дюнной зоне с видом на море продается просторная 3-х комна,PumpuriPiejūras 1a,3,130,3/4,Jaun.,679000
https://www.ss.com/msg/lv/real-estate/flats/jurmala/dzintari/ddjco.html,https://i.ss.com/gallery/7/1326/331472/66294243.th2.jpg,Продаю двух уровневые апартаменты в 300 метрах от моря.,DzintariViktorijas 16,4,153,1/3,Jaun.,470001
https://www.ss.com/msg/lv/real-estate/flats/jurmala/melluzi/affli.html,https://i.ss.com/gallery/7/1326/331468/66293511.th2.jpg,Продается трехкомнатная квартира на берегу Балтийского залив,MellužiKāpu 95,3,100,2/3,Specpr.,250000
https://www.ss.com/msg/lv/real-estate/flats/jurmala/bulduri/nhfbg.html,https://i.ss.com/gallery/6/1094/273290/54657801.th2.jpg,"Jūrmala, Bulduru prospekts 33. Pārdod plašu un gaišu dzīvokl",BulduriBulduru pr. 33,3,146,3/4,Jaun.,485000
https://www.ss.com/msg/lv/real-estate/flats/jurmala/dzintari/bckpdl.html,https://i.ss.com/gallery/7/1219/304630/60925857.th2.jpg,"Unikāli apartamenti pašā jūras krastā, ar visu esošo burvību",DzintariDzintaru pr. 23,3,96,2/3,Jaun.,625000
https://www.ss.com/msg/lv/real-estate/flats/jurmala/valteri/bdxohk.html,https://i.ss.com/gallery/7/1308/326887/65377256.th2.jpg,"Plaša dvīņu māja jaunajā projektā ""Villa Baltika"" Lielupes k",ValteriOļu 3,Citi,212,1/3,Jaun.,179000
https://www.ss.com/msg/lv/real-estate/flats/jurmala/majori/enpib.html,https://i.ss.com/gallery/7/1292/322841/64568190.th2.jpg,"Platība: 153, 3 m2 Dzīvojamā platība: 138, 4 m2 Platība ze",MajoriViktorijas 16,4,153,1/2,Jaun.,470000
https://www.ss.com/msg/lv/real-estate/flats/jurmala/dzintari/becfld.html,https://i.ss.com/gallery/7/1326/331302/66260278.th2.jpg,Dzīvoklis 5 minūšu gājienā no Jūras. Māja izvietota mierpiln,DzintariEdinburgas 55,1,29,2/2,Renov.,64700
https://www.ss.com/msg/lv/real-estate/flats/jurmala/dzintari/bkgebe.html,https://i.ss.com/gallery/7/1238/309479/61895783.th2.jpg,В клубном доме на первой линии к морю на 2 этаже продается к,DzintariDzintaru pr. 33,3,170,2/3,Jaun.,900000
https://www.ss.com/msg/lv/real-estate/flats/jurmala/majori/ankmk.html,https://i.ss.com/gallery/7/1244/310901/62180188.th2.jpg,С видом на дюны и сосны продается просторная квартира с хоро,MajoriĒrgļu 4,3,175,4/10,Jaun.,590000
https://www.ss.com/msg/lv/real-estate/flats/jurmala/dzintari/igkmg.html,https://i.ss.com/gallery/7/1278/319368/63873475.th2.jpg,Предлагается пентхаус в одном из самых престижных проектов Ю,DzintariDzintaru pr. 28,5,336,4/4,Jaun.,1800000
https://www.ss.com/msg/lv/real-estate/flats/jurmala/lielupe/jfehd.html,https://i.ss.com/gallery/7/1236/308829/61765782.th2.jpg,С видом на море с 6 этажа продается просторная солнечная ква,Lielupe29. līnija 1,3,250,6/6,Specpr.,590000
https://www.ss.com/msg/lv/real-estate/flats/jurmala/dubulti/fnppk.html,https://i.ss.com/gallery/7/1211/302659/60531694.th2.jpg,Pārdodu atsevišķi reģistrētu dzīvokli privātmājā ar 778 m² z,DubultiRūdolfa Blaumaņa 15,3,67,1/1,Priv. m.,170000
https://www.ss.com/msg/lv/real-estate/flats/jurmala/jaundubulti/phjee.html,https://i.ss.com/gallery/6/1145/286142/57228365.th2.jpg,Продается отличная квартира в 5 минутах от моря в спецпроект,JaundubultiAbavas 6,4,168,2/4,Specpr.,225000
https://www.ss.com/msg/lv/real-estate/flats/jurmala/bulduri/apdhn.html,https://i.ss.com/gallery/7/1320/329866/65973079.th2.jpg,"Продается квартира в Юрмале, Булдури..160 кв. м. жилой пло",BulduriMeža pr. 19,3,160,2/3,Jaun.,430000
https://www.ss.com/msg/lv/real-estate/flats/jurmala/bulduri/acelm.html,https://i.ss.com/gallery/7/1304/325828/65165462.th2.jpg,"Продаю 4х комнатный пентхаус с террасой на южную сторону,",BulduriMeža pr. 20,4,192,3/3,Jaun.,500001
https://www.ss.com/msg/lv/real-estate/flats/jurmala/dzintari/bdpjnl.html,https://i.ss.com/gallery/7/1325/331170/66233982.th2.jpg,Ekskluzīvs četristabu dzīvoklis ar divām pazemes autostāvvie,DzintariMadonas 5,4,253,2/4,Jaun.,731000
https://www.ss.com/msg/lv/real-estate/flats/jurmala/jaundubulti/pibch.html,https://i.ss.com/gallery/4/757/189090/37817985.th2.jpg,Застройщик продает квартиру с частично готовой отделкой в но,JaundubultiStrelnieku pr. 50,3,102,1/4,Specpr.,230000
https://www.ss.com/msg/lv/real-estate/flats/jurmala/lielupe/gibol.html,https://i.ss.com/gallery/7/1325/331100/66219818.th2.jpg,"Jūrmalai, elitārai pilsētai pie Baltijas jūras, viennozīmīgi",LielupeO. Kalpaka pr. 8,3,214,3/3,Jaun.,695000
https://www.ss.com/msg/lv/real-estate/flats/jurmala/kauguri/gdmgi.html,https://i.ss.com/gallery/7/1293/323120/64623871.th2.jpg,Īpašnieks pārdod pēc remonta brīnišķīgu divistabu dzīvokli a,KauguriSkolas 25,2,51,7/9,602,60000
https://www.ss.com/msg/lv/real-estate/flats/jurmala/kauguri/ajlon.html,https://i.ss.com/gallery/7/1325/331073/66214402.th2.jpg,"Pārdodam 1 istabas dzīvokli, 3 stāvā, Kauguros, Artilērijas",KauguriArtilērijas 11,1,37,3/5,Specpr.,38000
https://www.ss.com/msg/lv/real-estate/flats/jurmala/dzintari/bhjnk.html,https://i.ss.com/gallery/7/1286/321432/64286224.th2.jpg,"Pārdod dzīvokli jaunajā projektā ""Jūrmalas Vilnis"", Jūrmalas",DzintariПроспект Дзинтару 13/1,3,102,1/7,Jaun.,325000
https://www.ss.com/msg/lv/real-estate/flats/jurmala/kauguri/hbbcj.html,https://i.ss.com/gallery/7/1325/331031/66206070.th2.jpg,Dzīvoklis pēc kapitālā remonta ar mēbelēm un sadzīves tehnik,KauguriRaiņa 83,2,46,5/5,103,77000
https://www.ss.com/msg/lv/real-estate/flats/jurmala/kauguri/coddo.html,https://i.ss.com/gallery/7/1324/330992/66198283.th2.jpg,"Īpašnieks pārdod gaišu, siltu un mājīgu dzīvokli Jūrmalā, ar",KauguriTalsu šoseja 31 k13,2,42,1/5,Hrušč.,42000
https://www.ss.com/msg/lv/real-estate/flats/jurmala/dubulti/cddid.html,https://i.ss.com/gallery/7/1271/317683/63536478.th2.jpg,Nepalaidiet garām iespēju jau šogad kļūt par jūrmalnieku.,DubultiBaznicas 21,3,49,1/2,Specpr.,54000
https://www.ss.com/msg/lv/real-estate/flats/jurmala/lielupe/afxff.html,https://i.ss.com/gallery/5/845/211114/42222685.th2.jpg,Pārdod divistabu dzīvokli klusā un zaļā rajonā. Tikai 5 minū,LielupeMeža pr. 62,2,50,3/4,Specpr.,69000
https://www.ss.com/msg/lv/real-estate/flats/jurmala/dzintari/bcnigc.html,https://i.ss.com/gallery/7/1223/305518/61103518.th2.jpg,Апартаменты рядом с межапарком Дзинтари в Юрмале..Жилая пл,DzintariDzintaru pr. 12,3,76,2/3,Jaun.,200000
https://www.ss.com/msg/lv/real-estate/flats/jurmala/lielupe/nmllg.html,https://i.ss.com/gallery/6/1078/269369/53873656.th2.jpg,Предлагаем приобрести квартиру в Лиелупе на ул. Тиклу 11 в п,LielupeTīklu 11,2,67,2/6,Jaun.,189000
https://www.ss.com/msg/lv/real-estate/flats/jurmala/pumpuri/cxoxmn.html,https://i.ss.com/gallery/7/1303/325735/65146887.th2.jpg,"Īsas pastaigas tuvumā līdz jūrai, dzīvoklis ar ērtu plānojum",PumpuriStrēlnieku pr. 72,4,94,2/3,Jaun.,310000
https://www.ss.com/msg/lv/real-estate/flats/jurmala/pumpuri/cxolle.html,https://i.ss.com/gallery/7/1304/325985/65196926.th2.jpg,"Divu līmeņu dzīvoklis ar ērtu plānojumu, īsas pastaigas tuvu",PumpuriStrēlnieku pr. 72,3,157,3/3,Jaun.,358000
https://www.ss.com/msg/lv/real-estate/flats/jurmala/pumpuri/bpxbmc.html,https://i.ss.com/gallery/7/1302/325398/65079585.th2.jpg,Piedāvājam apartamentus ar ērtu plānojumu un zemes gabalu Jū,PumpuriStrēlnieku pr. 74,4,234,1/3,Jaun.,356000
https://www.ss.com/msg/lv/real-estate/flats/jurmala/lielupe/ahlhp.html,https://i.ss.com/gallery/6/1068/266983/53396477.th2.jpg,"Продаётся элегантная, светлая квартира с мебелью и бытовой т",Lielupe29 linija 1,2,100,1/6,Specpr.,249000
https://www.ss.com/msg/lv/real-estate/flats/jurmala/majori/bxkolf.html,https://i.ss.com/gallery/6/1034/258463/51692443.th2.jpg,"Pārdod dzīvokli Jūrmalā ar kvalitatīvu remontu, mēbelēm un t",MajoriJomas 65/67,2,77,2/3,Specpr.,150000
https://www.ss.com/msg/lv/real-estate/flats/jurmala/dubulti/dmlxe.html,https://i.ss.com/gallery/7/1324/330766/66153013.th2.jpg,Ekskluzīvs un rūpīgi renovēts dzīvoklis Jūrmalā ar saglabātu,DubultiDubultu pr. 24,2,63,3/4,P. kara,127000
https://www.ss.com/msg/lv/real-estate/flats/jurmala/bulduri/dpopi.html,https://i.ss.com/gallery/7/1273/318169/63633635.th2.jpg,"Продается светлая, 3-ех комнатная квартира, в прекрасном мес",BulduriVienibas pr. 20,3,50,1/3,Jaun.,200000
https://www.ss.com/msg/lv/real-estate/flats/jurmala/majori/hclxx.html,https://i.ss.com/gallery/7/1267/316548/63309490.th2.jpg,Jaunais projekts Jūrmalas vēsturiskajā centrā pie Jomas iela,MajoriPilsoņu 14,2,49,1/4,Jaun.,197077
https://www.ss.com/msg/lv/real-estate/flats/jurmala/kauguri/gcemd.html,https://i.ss.com/gallery/7/1324/330759/66151671.th2.jpg,В продаже 3-х комнатная квартира. Квартира в хорошем состоян,KauguriSkolas 27,3,62,1/9,602,71000
https://www.ss.com/msg/lv/real-estate/flats/jurmala/dzintari/bebhjb.html,https://i.ss.com/gallery/6/1182/295404/59080725.th2.jpg,На продажу предлагаются апартаменты в проекте Avenue 34 на п,DzintariDzintaru pr. 34,3,127,2/3,Jaun.,560000
https://www.ss.com/msg/lv/real-estate/flats/jurmala/kauguri/aopbg.html,https://i.ss.com/gallery/7/1304/325995/65198886.th2.jpg,"Продаётся светлая, тёплая 2ух комнатная квартира в Каугури.",KauguriSkolas 63A,2,35,1/5,Hrušč.,39500
https://www.ss.com/msg/lv/real-estate/flats/jurmala/bulduri/gfhnj.html,https://i.ss.com/gallery/5/944/235780/47155856.th2.jpg,Bulduru centrs ir investīciju objekts.. 5 minūtes no jūras,BulduriJelgavas 5,6,200,1/1,Specpr.,365000
https://www.ss.com/msg/lv/real-estate/flats/jurmala/dubulti/bxmmep.html,https://i.ss.com/gallery/7/1267/316621/63324158.th2.jpg,Nelielā jaunajā projektā Jūrmalā Dubultos ir pieejams skaist,DubultiPils 5,3,75,1/3,Jaun.,250000
https://www.ss.com/msg/lv/real-estate/flats/jurmala/jaundubulti/pofpm.html,https://i.ss.com/gallery/7/1323/330702/66140300.th2.jpg,Pārdodu 3 istabu dzīvokli labākajā vietā Jūrmalā. Dzīvoklis,JaundubultiLielupes 18,3,92,2/4,Jaun.,210000
https://www.ss.com/msg/lv/real-estate/flats/jurmala/dzintari/jbxhn.html,https://i.ss.com/gallery/7/1307/326670/65333891.th2.jpg,"Предлагается к продаже квартира в Юрмале, Дзинтари, в компле",DzintariDzintaru pr. 13,3,122,1/8,Jaun.,430000
https://www.ss.com/msg/lv/real-estate/flats/jurmala/majori/hpbdn.html,https://i.ss.com/gallery/7/1264/315756/63151128.th2.jpg,Investīciju projekts tūrisma centrā.. Projekts Auroom atr,MajoriJomas 46,2,35,2/4,Renov.,123200
https://www.ss.com/msg/lv/real-estate/flats/jurmala/lielupe/gicpp.html,https://i.ss.com/gallery/7/1323/330644/66128635.th2.jpg,Предлагается к продаже трехкомнатная квартира с балконом и в,LielupeTērvetes 6,3,99,3/4,Jaun.,250000
https://www.ss.com/msg/lv/real-estate/flats/jurmala/dzintari/nmckx.html,https://i.ss.com/gallery/7/1267/316611/63322061.th2.jpg,Ekskluzīvs dzīvoklis ar plašu terasi uz mājas jumta un ar sk,DzintariDzintaru pr. 64,3,207,4/5,Jaun.,600000
https://www.ss.com/msg/lv/real-estate/flats/jurmala/dubulti/adhnf.html,https://i.ss.com/gallery/6/1035/258709/51741727.th2.jpg,"Mājīgs, kopts, silts dzīvoklis pašā Dubultu centrā, kvalitat",DubultiDubultu pr. 10,4,93,4/5,Specpr.,148900
https://www.ss.com/msg/lv/real-estate/flats/jurmala/majori/jehlg.html,https://i.ss.com/gallery/7/1267/316546/63309078.th2.jpg,Новый проект в историческом центре Юрмалы около улицы Йомас.,MajoriPilsoņu 14/16,3,74,3/4,Jaun.,249630
https://www.ss.com/msg/lv/real-estate/flats/jurmala/bulduri/hxchn.html,https://i.ss.com/gallery/7/1302/325311/65062020.th2.jpg,"Просторные и солнечные апартаменты в Булдури, проспект Межа,",BulduriMeža pr. 20,4,192,3/3,Jaun.,500000
https://www.ss.com/msg/lv/real-estate/flats/jurmala/dzintari/bcolxn.html,https://i.ss.com/gallery/6/1048/261920/52383847.th2.jpg,Dzīvoklis ar privātmājas sajūtu. Piedāvājam iegādāties divst,DzintariPiestātnes 7,5,150,1/2,Jaun.,615000
https://www.ss.com/msg/lv/real-estate/flats/jurmala/kauguri/gfojk.html,https://i.ss.com/gallery/7/1306/326378/65275429.th2.jpg,Pārdod 2-istabu dzīvokli Jūrmalā..Dzīvoklis ir labā stāvok,KauguriNometņu 22,2,54,5/5,103,59500
https://www.ss.com/msg/lv/real-estate/flats/jurmala/dzintari/mmnoc.html,https://i.ss.com/gallery/7/1218/304357/60871373.th2.jpg,Квартира с совершенно новым интерьером и собственным газоном,DzintariDzintaru pr. 64,3,110,1/4,Jaun.,390000
https://www.ss.com/msg/lv/real-estate/flats/jurmala/jaundubulti/bllnco.html,https://i.ss.com/gallery/7/1220/304826/60965197.th2.jpg,"Квартира класса ""Premium"" с новым интерьером и приватной тер",JaundubultiAmatas 1,4,203,1/3,Jaun.,485000
https://www.ss.com/msg/lv/real-estate/flats/jurmala/kauguri/gxepo.html,https://i.ss.com/gallery/7/1286/321499/64299680.th2.jpg,Продается 2-х комнатная квартира на 2 этаже 103 серии.. П,KauguriSkolas 28,2,53,5/2,103,40690
https://www.ss.com/msg/lv/real-estate/flats/jurmala/majori/ieknh.html,https://i.ss.com/gallery/7/1321/330015/66002964.th2.jpg,"Vēsture, stils un komforts: apartamenti pašā Jūrmalas sirdī.",MajoriJomas 46,1,26,3/4,Renov.,99560
https://www.ss.com/msg/lv/real-estate/flats/jurmala/priedaine/jfpmp.html,https://i.ss.com/gallery/7/1304/325802/65160360.th2.jpg,Pārdošanā tiek piedāvāts 2 stāvu dzīvoklis. Nepieciešams kos,PriedaineSpilves 11,3,50,2/2,Priv. m.,75000
https://www.ss.com/msg/lv/real-estate/flats/jurmala/kauguri/bxkme.html,https://i.ss.com/gallery/7/1320/329914/65982624.th2.jpg,Pārdošanā daļēji mēbelēts 2 istabu dzīvoklis ar plašu Lodžij,KauguriJurģu 4,2,57,3/5,M. ģim.,57000
https://www.ss.com/msg/lv/real-estate/flats/jurmala/dubulti/beompb.html,https://i.ss.com/gallery/7/1256/313809/62761645.th2.jpg,Pārdod plašu 4-istabu dzīvokli ar terasi un pazemes stāvviet,DubultiDubultu pr. 33k-2,4,127,2/3,Jaun.,260000
https://www.ss.com/msg/lv/real-estate/flats/jurmala/bulduri/bdoode.html,https://i.ss.com/gallery/7/1241/310037/62007391.th2.jpg,"Pārdodam dizaineru veidotu 6-istabu dzīvokli pie jūras, Freg",BulduriMeža pr. 19,6,357,3/3,Jaun.,770000
https://www.ss.com/msg/lv/real-estate/flats/jurmala/dzintari/bfxlfd.html,https://i.ss.com/gallery/6/1066/266327/53265367.th2.jpg,Lat/rus/ Pēdējie Loft stila dzīvokļi no attīstītāja. Jauns m,DzintariMežaparka prospekt 10,2,79,2/3,Jaun.,228000
https://www.ss.com/msg/lv/real-estate/flats/jurmala/dzintari/gddil.html,https://i.ss.com/gallery/7/1322/330457/66091371.th2.jpg,"Pārdodu 2 Istb. dz - Izolētas guļamistabas, - pieejams uz",DzintariEmīlijas 14,2,44,1/3,Specpr.,43500
https://www.ss.com/msg/lv/real-estate/flats/jurmala/bulduri/bdopnm.html,https://i.ss.com/gallery/7/1233/308037/61607308.th2.jpg,"Elitārs īpašums, 3 istabu dzīvoklis Bulduros, 200 metru attā",BulduriMeža pr. 19,3,130,1/3,Jaun.,400000
